,Gap,AM,CBD,porous,x,y,z,res,tliq,tsol,"CC,AM","CC,CBD",Active_Surface,porocal,pressure,sigma,tliq_racine,tsol_racine
1,1,93,7,40,50,50,"96,2",1,"6,982","2,095","32,28","20,13","56,5","0,36248060015981","174,20989644446","0,058094498937099","2,64234744119694","1,44741148261301"
2,1,94,6,40,50,50,"97,1",1,"6,014","2,143","31,34","18,67","58,8","0,37091561348838","174,20989644446","0,069014727551297","2,45234581574459","1,46389890361322"
3,1,95,5,40,50,50,"97,9",1,"5,529","2,154","34,21",,"59,8","0,37935062681695","174,20989644446","0,076775791537017","2,35138257202013","1,46765118471659"
4,1,96,4,40,50,50,"98,8",1,"4,808","2,168","36,18","12,63","62,2","0,38778564014552","174,20989644446","0,090252107180291","2,19271521178652","1,47241298554448"
5,11,93,7,40,50,50,"96,1",1,"7,066","2,096","34,1","20,02","56,39","0,36136796197981","132,510528403874","0,057227674703568","2,6581948762271","1,44775688566831"
6,11,94,6,40,50,50,97,1,"6,516","2,103","33,87","17,99","57,4","0,36980297530838","132,510528403874","0,063506680382148","2,55264568634192","1,4501724035438"
7,11,95,5,40,50,50,"97,8",1,"5,557","2,146","37,55","14,92","59,7","0,37823798863695","132,510528403874","0,076164892799127","2,35732899697942","1,4649232061784"
8,11,96,4,40,50,50,"98,7",1,"4,788","2,165","35,24","12,49","62,06","0,38667300196552","132,510528403874","0,090369066248834","2,18814990345726","1,47139389695622"
9,21,93,7,40,50,50,"96,1",1,"7,159","2,094","30,57","20,7","56,4","0,36142256419981","100,432501272057","0,056492785212961","2,67563076675389","1,44706599711278"
10,21,94,6,40,50,50,97,1,"6,418","2,097","31,67","18,58","57,4","0,36985757752838","100,432501272057","0,064485919173303","2,53337719260279","1,44810220633766"
11,21,95,5,40,50,50,"97,8",1,"5,503","2,132","33,68","15,82","59,7","0,37829259085695","100,432501272057","0,076923388909491","2,34584739486609","1,46013697987552"
12,21,96,4,40,50,50,"98,7",1,"4,795","2,167","36,8","12,76","62,08","0,38672760418552","100,432501272057","0,090249883020563","2,18974884404582","1,47207336773681"
13,31,93,7,40,50,50,"96,3",1,"7,048","2,104","32,52","19,91","56,5","0,36264440681981","75,7558725119257","0,057576488540205","2,65480696096722","1,4505171491575"
14,31,94,6,40,50,50,"97,1",1,"6,042","2,141","34,53","17,7","58,8","0,37107942014838","75,7558725119257","0,068725235211195","2,45804800604057","1,46321563687653"
15,31,95,5,40,50,50,98,1,"5,47","2,147","35,03","15,77","59,87","0,37951443347695","75,7558725119257","0,077637413356619","2,3388031127053","1,46526448124562"
16,31,96,4,40,50,50,"98,8",1,"4,799","2,164","36,99","12,8","62,2","0,38794944680552","75,7558725119257","0,090459560528314","2,19066200040079","1,47105404387466"
17,41,93,7,40,50,50,"96,5",1,"6,869","2,105","30,33","20,71","56,81","0,36503348983981","56,7729093620084","0,059466075867047","2,62087771557545","1,45086181285469"
18,41,94,6,40,50,50,"97,3",1,"5,862","2,152","32,29","17,7","59,1","0,37346850316838","56,7729093620084","0,071291582232245","2,42115674833332","1,46696966567138"
19,41,95,5,40,50,50,"98,2",1,"5,162","2,184","34,32","15,46","61,48","0,38190351649695","56,7729093620084","0,082787685966697","2,27200352112403","1,47783625615289"
20,41,96,4,40,50,50,99,1,"4,49","2,229","36,59","12,24","63,9","0,39033852982552","56,7729093620084","0,097280359660302","2,11896201004171","1,49298358999689"
21,51,93,7,40,50,50,"96,9",1,"6,829","2,125","30,24","20,73","57,3","0,36858981325981","42,1699061133102","0,060397130039205","2,61323554238802","1,45773797371133"
22,51,94,6,40,50,50,"97,7",1,"5,842","2,159","34,48","17,4","59,6","0,37702482658838","42,1699061133102","0,072216840286271","2,41702296224095","1,46935359937627"
23,51,95,5,40,50,50,"98,5",1,"5,021","2,213","33,51","14,69","61,9","0,38545983991695","42,1699061133102","0,085905110708438","2,24075880004966","1,48761554173113"
24,51,96,4,40,50,50,"99,4",1,"4,427","2,228","35,07","12,84","64,37","0,39389485324552","42,1699061133102","0,099563664057316","2,10404372578138","1,49264865256362"
25,61,93,7,40,50,50,"97,3",1,"6,169","2,173","30,3","19,71","59,1","0,37331337707981","30,9362698154691","0,067715621486839","2,48374716909753","1,47410990092327"
26,61,94,6,40,50,50,"98,2",1,"5,394","2,221","33,75","17,21","61,47","0,38174839040838","30,9362698154691","0,079194743950126","2,32249865446678","1,49030198282093"
27,61,95,5,40,50,50,99,1,"4,761","2,246","32,76","15,26","63,88","0,39018340373695","30,9362698154691","0,091706622302383","2,18197158551618","1,49866607354674"
28,61,96,4,40,50,50,"99,9",1,"4,373","2,257","34,99","12,57",65,"0,39861841706552","30,9362698154691","0,102001831396368","2,09117192023994","1,50233152133609"
29,71,93,7,40,50,50,"97,9",1,"5,962","2,206","31,03","19,84","59,9","0,37920418129981","22,2945827376124","0,071172337952782","2,44172070474901","1,48526091983867"
30,71,94,6,40,50,50,"98,8",1,"5,261","2,254","32,14","17,23","62,29","0,38763919462838","22,2945827376124","0,082449773577107","2,29368698823532","1,50133274126691"
31,71,95,5,40,50,50,"99,6",1,"4,6","2,279","33,75","14,64","64,7","0,39607420795695","22,2945827376124","0,096349356239963","2,14476105895272","1,50963571764847"
32,71,96,4,40,50,50,100,1,"4,091","2,327","32,67","12,62","67,2","0,40450922128552","22,2945827376124","0,110644296900146","2,02262206059362","1,52545075305629"
33,81,93,7,40,50,50,"98,6",1,"5,473","2,269","31,69","18,69","62,1","0,38626222591981","15,6468015943021","0,078974498593873","2,33944437847964","1,50632001911944"
34,81,94,6,40,50,50,"99,5",1,"4,851","2,314","31,93","16,16","64,5","0,39469723924838","15,6468015943021","0,091046425627487","2,20249858115732","1,52118374958451"
35,81,95,5,40,50,50,100,1,"4,276","2,362","31,24","14,29","67,01","0,40313225257695","15,6468015943021","0,105496957585034","2,06784912409005","1,53687995627505"
36,81,96,4,40,50,50,101,1,"3,821","2,395","34,53","12,35","69,6","0,41156726590552","15,6468015943021","0,120529644215723","1,95473783408415","1,54757875405422"
37,91,93,7,40,50,50,"99,4",1,"5,013","2,353","29,3","19,15","64,5","0,39448751093981","10,5328702830664","0,088057355823189","2,23897297884543","1,53394915169963"
38,91,94,6,40,50,50,100,1,"4,463","2,395","33,23","15,77",67,"0,40292252426838","10,5328702830664","0,101024043167447","2,11258135938004","1,54757875405422"
39,91,95,5,40,50,50,101,1,"3,99","2,472","33,01","13,83","69,6","0,41135753759695","10,5328702830664","0,115365685356137","1,99749843554382","1,57225952056268"
40,91,96,4,40,50,50,102,1,"3,709","2,449","32,89","11,996","70,86","0,41979255092552","10,5328702830664","0,126650812748896","1,92587642386525","1,56492811336496"
41,1,93,7,45,50,50,"87,7",1,"13,43","1,858","34,99","21,83","47,66","0,32666731371866","174,20989644446","0,02721822219294","3,66469644036174","1,3630847369111"
42,1,93,7,46,50,50,86,1,"16,87","1,812","33,84","23,34","45,7","0,31950465643043","174,20989644446","0,02119298817698","4,10731055558257","1,34610549363711"
43,1,93,7,47,50,50,"84,2",1,"18,26","1,801","36,18","22,12","45,1","0,3123419991422","174,20989644446","0,019140782970434","4,2731721238443","1,34201341274966"
44,1,93,7,48,50,50,"82,5",1,"25,29","1,757","34,13","24,29","43,2","0,30517934185397","174,20989644446","0,013503190333515","5,02891638427206","1,32551876637036"
45,1,93,7,49,50,50,"80,8",1,"36,31","1,713","34,91","24,73","41,4","0,29801668456574","174,20989644446","0,009184265216994","6,02577795807313","1,30881625906771"
46,1,93,7,50,50,50,"79,1",1,"39,75","1,702","39,22","23,39","40,9","0,29085402727751","174,20989644446","0,008187815258454","6,30476010645925","1,30460722058403"
47,1,94,6,45,50,50,"88,5",1,"10,668","1,889","33,12","20,85","49,7","0,33510232704723","174,20989644446","0,035149934754954","3,26619044147766","1,37440896388229"
48,1,94,6,46,50,50,"86,8",1,"12,96","1,842","35,1","20,54","47,7","0,327939669759","174,20989644446","0,028315161300951","3,6","1,35720300618588"
49,1,94,6,47,50,50,"85,1",1,"13,66","1,827","37,56","20,07","47,1","0,32077701247077","174,20989644446","0,026277414125534","3,69594372251527","1,35166563912826"
50,1,94,6,48,50,50,"83,4",1,"16,72","1,777","35,13","21,78","45,2","0,31361435518254","174,20989644446","0,020988903316344","4,08900966005217","1,33304163475865"
51,1,94,6,49,50,50,"81,6",1,"21,93","1,736","37,3","21,17","43,3","0,30645169789431","174,20989644446","0,01563700182142","4,68294778958724","1,31757352736005"
52,1,94,6,50,50,50,"79,9",1,"30,69","1,699","39,34","21,27","41,4","0,29928904060608","174,20989644446","0,010912493855921","5,53985559378582","1,30345694213503"
53,1,95,5,45,50,50,"89,4",1,"8,61","1,917","34,61","17,64","51,8","0,3435373403758","174,20989644446","0,044647884306681","2,93428015022424","1,38455769110572"
54,1,95,5,46,50,50,"87,6",1,"9,813","1,868","37,24","17,65","49,8","0,33637468308757","174,20989644446","0,038357614427289","3,13257082920722","1,36674796506159"
55,1,95,5,47,50,50,"85,9",1,"11,78","1,819","38,72","17,2","47,8","0,32921202579934","174,20989644446","0,031272347781788","3,4322004603461","1,3487030807409"
56,1,95,5,48,50,50,"84,2",1,"12,16","1,807","38,93","17,71","47,2","0,32204936851111","174,20989644446","0,029635957513481","3,48711915483254","1,34424700111252"
57,1,95,5,49,50,50,"82,5",1,"15,13","1,762","40,42","18,12","45,27","0,31488671122288","174,20989644446","0,023288713143318","3,88973006775534","1,32740348048361"
58,1,95,5,50,50,50,"80,8",1,"19,43","1,721","38,81","18,65","43,3","0,30772405393465","174,20989644446","0,017722244794281","4,40794736810684","1,31186889588861"
59,1,96,4,45,50,50,"90,2",1,"6,982","1,942","39,07","13,7",54,"0,35197235370437","174,20989644446","0,056410350013634","2,64234744119694","1,39355660093159"
60,1,96,4,46,50,50,"88,5",1,"7,886","1,896","39,27","14,12","51,9","0,34480969641614","174,20989644446","0,048927472773226","2,80820227191704","1,37695315824468"
61,1,96,4,47,50,50,"86,8",1,"9,002","1,846","39,18","14,82","49,8","0,33764703912791","174,20989644446","0,041971454874931","3,00033331481687","1,3586758259423"
62,1,96,4,48,50,50,85,1,"9,678","1,828","40,36","14,66","49,27","0,33048438183968","174,20989644446","0,03821161637514","3,11094840844396","1,35203550249245"
63,1,96,4,49,50,50,"83,3",1,"11,75","1,787","41,15","14,83","47,3","0,32332172455145","174,20989644446","0,030791234874304","3,42782730020052","1,33678719323608"
64,1,96,4,50,50,50,"81,6",1,"14,22","1,74","40,82","15,72","45,3","0,31615906726322","174,20989644446","0,024879183985059","3,77094152699296","1,31909059582729"
65,11,93,7,45,50,50,"87,9",1,"13,26","1,865","32,49","23,43","47,9","0,32915406694866","132,510528403874","0,027777028726663","3,64142829120662","1,36565002837477"
66,11,93,7,46,50,50,"86,3",1,"14,12","1,848","34,83","22,23","47,3","0,32271128794243","132,510528403874","0,025574641020367","3,75765884561119","1,35941163743731"
67,11,93,7,47,50,50,"84,6",1,18,"1,806","33,57","23,44","45,41","0,3162685089362","132,510528403874","0,019661358972201","4,24264068711929","1,34387499418659"
68,11,93,7,48,50,50,83,1,"23,11","1,765","34,36","23,39","43,6","0,30982572992997","132,510528403874","0,015001946853814","4,80728613668877","1,32853302555864"
69,11,93,7,49,50,50,"81,3",1,"24,71","1,752","36,13","23,21","43,1","0,30338295092374","132,510528403874","0,013738790857291","4,97091540865463","1,32363136862194"
70,11,93,7,50,50,50,"79,7",1,"37,06","1,711","33,22","25,58","41,3","0,29694017191751","132,510528403874","0,008965894559517","6,08769250208977","1,30805198673447"
71,11,94,6,45,50,50,"88,8",1,"10,256","1,9","36,67","19,05","49,92","0,33758908027723","132,510528403874","0,036833285962385","3,2024990241997","1,37840487520902"
72,11,94,6,46,50,50,"87,1",1,"10,754","1,883","36,71","18,78","49,3","0,331146301271","132,510528403874","0,03445719835617","3,27932919969923","1,37222447143315"
73,11,94,6,47,50,50,"85,5",1,"13,46","1,832","35,58","20,67","47,4","0,32470352226477","132,510528403874","0,026994297281893","3,66878726556883","1,35351394525509"
74,11,94,6,48,50,50,"83,8",1,"15,55","1,791","35,27","21,79","45,58","0,31826074325854","132,510528403874","0,022902493357319","3,94334883062607","1,33828248139173"
75,11,94,6,49,50,50,"82,2",1,"17,16","1,778","38,19","20,7","45,01","0,31181796425231","132,510528403874","0,020333584032537","4,1424630354416","1,33341666406266"
76,11,94,6,50,50,50,"80,5",1,"21,23","1,736","36,05","22,1","43,2","0,30537518524608","132,510528403874","0,016095847022627","4,60760241340331","1,31757352736005"
77,11,95,5,45,50,50,"89,6",1,"8,212","1,926","37,78","16,68","52,05","0,3460240936058","132,510528403874","0,047150628439466","2,86565873753313","1,38780402074645"
78,11,95,5,46,50,50,88,1,"9,62","1,878","38,87","17,13","50,1","0,33958131459957","132,510528403874","0,039500154993443","3,10161248385416","1,37040140105007"
79,11,95,5,47,50,50,"86,3",1,"10,179","1,859","36,84","18,04","49,49","0,33313853559334","132,510528403874","0,036622656580111","3,1904545130749","1,3634515026212"
80,11,95,5,48,50,50,"84,7",1,"12,19","1,815","37,76","17,98","47,6","0,32669575658711","132,510528403874","0,029989544841754","3,49141805001922","1,34721935853075"
81,11,95,5,49,50,50,83,1,"13,1","1,803","40,84","17,03","47,07","0,32025297758088","132,510528403874","0,027355960451374","3,61939221417077","1,34275835502893"
82,11,95,5,50,50,50,"81,4",1,"15,91","1,765","37,65","18,86","45,19","0,31381019857465","132,510528403874","0,022071251552799","3,98873413503583","1,32853302555864"
83,11,96,4,45,50,50,"90,4",1,"6,807","1,948","37,45","14,09","54,2","0,35445910693437","132,510528403874","0,058269390430375","2,609022805573","1,39570770578943"
84,11,96,4,46,50,50,"88,8",1,"7,687","1,897","39,18","14,27","52,2","0,34801632792814","132,510528403874","0,050660891238661","2,77254395817271","1,37731623093609"
85,11,96,4,47,50,50,"87,2",1,"7,976","1,888","41,15","13,87","51,6","0,34157354892191","132,510528403874","0,047921364248197","2,82418129729662","1,37404512298541"
86,11,96,4,48,50,50,"85,5",1,"9,367","1,843","40,95","14,32","49,6","0,33513076991568","132,510528403874","0,040035372214759","3,06055550513301","1,35757136092362"
87,11,96,4,49,50,50,"83,9",1,"10,88","1,795","40,18","15,14","47,66","0,32868799090945","132,510528403874","0,033805318182691","3,29848450049413","1,33977610069743"
88,11,96,4,50,50,50,"82,2",1,"11,73","1,781","42,29","14,31","47,2","0,32224521190322","132,510528403874","0,030741039396394","3,42490875790874","1,33454111963626"
89,21,93,7,45,50,50,"88,3",1,"11,76","1,908","33,61","22,04","49,5","0,33280806057866","100,432501272057","0,031667705764245","3,42928563989645","1,38130373198656"
90,21,93,7,46,50,50,"86,7",1,"13,65","1,861","33,84","22,49","47,7","0,32708515985443","100,432501272057","0,026813794423231","3,69459064038223","1,3641847382228"
91,21,93,7,47,50,50,"85,1",1,"14,19","1,846","33,46","23,54","47,15","0,3213622591302","100,432501272057","0,025342097813016","3,76696164036747","1,3586758259423"
92,21,93,7,48,50,50,"83,6",1,"18,02","1,808","34,91","23,03","45,4","0,31563935840597","100,432501272057","0,019600468482591","4,24499705535823","1,34461890511773"
93,21,93,7,49,50,50,82,1,"23,14","1,766","34,81","23,73","43,6","0,30991645768174","100,432501272057","0,01498688488098","4,81040538832228","1,32890932723042"
94,21,93,7,50,50,50,"80,4",1,"24,57","1,755","36,79","23,46","43,15","0,30419355695751","100,432501272057","0,013853992276575","4,95681349255749","1,32476412994918"
95,21,94,6,45,50,50,"89,1",1,"9,148","1,943","35,47","19,26","51,6","0,34124307390723","100,432501272057","0,041741473513576","3,02456608458139","1,39391534893623"
96,21,94,6,46,50,50,"87,6",1,"10,599","1,896","35,2","19,86","49,7","0,335520173183","100,432501272057","0,035422877044229","3,25561054181854","1,37695315824468"
97,21,94,6,47,50,50,86,1,"12,75","1,852","37,46","19,78","47,9","0,32979727245877","100,432501272057","0,028944560618146","3,57071421427143","1,36088206689632"
98,21,94,6,48,50,50,"84,4",1,"12,88","1,829","36,72","20,29","47,4","0,32407437173454","100,432501272057","0,028155219097124","3,58887168898527","1,35240526470433"
99,21,94,6,49,50,50,"82,8",1,"15,98","1,791","36,47","21,04","45,54","0,31835147101031","100,432501272057","0,022292571718432","3,99749921826134","1,33828248139173"
100,21,94,6,50,50,50,"81,3",1,"16,6","1,777","38,26","20,45","45,1","0,31262857028608","100,432501272057","0,021074178924706","4,07430975749267","1,33304163475865"
101,21,95,5,45,50,50,90,1,"8,243","1,936","36,59","17,03","52,4","0,3496780872358","100,432501272057","0,04746934121277","2,87106252108866","1,39140217047409"
102,21,95,5,46,50,50,"88,4",1,"8,444","1,915","37,27","17,23","51,87","0,34395518651157","100,432501272057","0,045580986938234","2,90585615610959","1,3838352503098"
103,21,95,5,47,50,50,"86,8",1,"9,763","1,877","37,11","17,74","49,9","0,33823228578734","100,432501272057","0,038766969967841","3,12457997177221","1,37003649586425"
104,21,95,5,48,50,50,"85,3",1,"10,184","1,862","38,54","16,94","49,4","0,33250938506311","100,432501272057","0,036535546139594","3,19123800428611","1,36455120827326"
105,21,95,5,49,50,50,"83,7",1,"12,06","1,816","37,47","18,2","47,58","0,32678648433888","100,432501272057","0,030321233497115","3,47275107083707","1,34759044223384"
106,21,95,5,50,50,50,"82,1",1,"12,82","1,805","38,82","17,82","47,1","0,32106358361465","100,432501272057","0,028024192672761","3,58050275799363","1,34350288425444"
107,21,96,4,45,50,50,"90,8",1,"6,809","1,967","38,62","13,41","54,6","0,35811310056437","100,432501272057","0,058852777137837","2,60940606268936","1,40249777183424"
108,21,96,4,46,50,50,"89,2",1,"6,969","1,946","38,72","14,09",54,"0,35239019984014","100,432501272057","0,056582670917078","2,63988636119057","1,39499103939774"
109,21,96,4,47,50,50,"87,7",1,"7,902","1,904","40,55",14,"52,1","0,34666729911591","100,432501272057","0,049091458834561","2,81104962602939","1,37985506485283"
110,21,96,4,48,50,50,"86,1",1,"8,183","1,887","38,53","14,3","51,56","0,34094439839168","100,432501272057","0,046623094439728","2,86059434383836","1,3736811857196"
111,21,96,4,49,50,50,"84,5",1,"9,352","1,841","41,88","14,01","49,6","0,33522149766745","100,432501272057","0,040110442246565","3,05810398776758","1,35683455144686"
112,21,96,4,50,50,50,"82,9",1,"11,52","1,8","40,09","14,73","47,7","0,32949859694322","100,432501272057","0,032005983505162","3,39411254969543","1,34164078649987"
113,31,93,7,45,50,50,"88,8",1,"10,921","1,924","32,8","22,04",50,"0,33762929460866","75,7558725119257","0,034594559167392","3,304693631791","1,38708327075198"
114,31,93,7,46,50,50,"87,3",1,"11,44","1,905","33,47","22,3","49,5","0,33262627216643","75,7558725119257","0,032535734139356","3,38230690505755","1,38021737418423"
115,31,93,7,47,50,50,"85,8",1,"13,26","1,861","33,86","23,08","47,7","0,3276232497242","75,7558725119257","0,027647844377178","3,64142829120662","1,3641847382228"
116,31,93,7,48,50,50,"84,3",1,"14,13","1,852","34,2","22,46","47,3","0,32262022728197","75,7558725119257","0,025549330101099","3,7589892258425","1,36088206689632"
117,31,93,7,49,50,50,"82,8",1,"17,78","1,804","33,3","23,31","45,5","0,31761720483974","75,7558725119257","0,019989519247226","4,2166337284616","1,34313067123047"
118,31,93,7,50,50,50,"81,3",1,"18,95","1,799","35,63","23,21","45,1","0,31261418239751","75,7558725119257","0,01845990871255","4,35315977193578","1,34126805672841"
119,31,94,6,45,50,50,"89,6",1,"8,606","1,953","36,12","18,94","52,1","0,34606430793723","75,7558725119257","0,044997206667646","2,93359847286571","1,39749776386225"
120,31,94,6,46,50,50,"88,1",1,"9,218","1,939","35,55","19,32","51,6","0,341061285495","75,7558725119257","0,041402427692439","3,03611593981521","1,39247980236699"
121,31,94,6,47,50,50,"86,6",1,"10,616","1,899","35,12","19,78","49,8","0,33605826305277","75,7558725119257","0,035422870794654","3,25822037314851","1,3780420893427"
122,31,94,6,48,50,50,"85,1",1,"10,98","1,879","35,69","19,91","49,3","0,33105524061054","75,7558725119257","0,033738689821785","3,31360830515618","1,37076620909621"
123,31,94,6,49,50,50,"83,6",1,"12,99","1,836","36,52","20,28","47,5","0,32605221816831","75,7558725119257","0,028087177223275","3,60416425818802","1,35499077487635"
124,31,94,6,50,50,50,"82,1",1,"13,14","1,825","39,53","19,49","47,1","0,32104919572608","75,7558725119257","0,027340490868911","3,62491379207837","1,35092560861063"
125,31,95,5,45,50,50,"90,4",1,"7,343","1,984","34,57","17,16","54,28","0,3544993212658","75,7558725119257","0,054022162671446","2,70979704037037","1,40854534893272"
126,31,95,5,46,50,50,"88,9",1,"8,067","1,934","34,25","17,69","52,4","0,34949629882357","75,7558725119257","0,04847977666835","2,84024646817842","1,3906832852954"
127,31,95,5,47,50,50,"87,4",1,"8,501","1,922","36,18","17,5","51,9","0,34449327638134","75,7558725119257","0,045346191773994","2,91564744096401","1,38636214604987"
128,31,95,5,48,50,50,"85,9",1,"9,677","1,872","36,09","17,57",50,"0,33949025393911","75,7558725119257","0,039256959197878","3,11078768160092","1,36821051011897"
129,31,95,5,49,50,50,"84,4",1,"9,966","1,863","38,29","16,96","49,6","0,33448723149688","75,7558725119257","0,03755681437337","3,15689721087019","1,36491757992928"
130,31,95,5,50,50,50,"82,9",1,"11,7","1,822","38,82","17,59","47,75","0,32948420905465","75,7558725119257","0,031512207686509","3,42052627529741","1,34981480211176"
131,31,96,4,45,50,50,"91,3",1,"6,081","2,017","37,98","13,66","56,5","0,36293433459437","75,7558725119257","0,066785647165121","2,46596836962683","1,42021125189177"
132,31,96,4,46,50,50,"89,8",1,"6,612","1,96","39,5","13,18","54,56","0,35793131215214","75,7558725119257","0,060575489760775","2,57138095194003","1,4"
133,31,96,4,47,50,50,"88,3",1,"6,772","1,944","39,84","13,72","54,1","0,35292828970991","75,7558725119257","0,05831759542017","2,60230666909187","1,39427400463467"
134,31,96,4,48,50,50,"86,8",1,"7,726","1,898","37,79","14,88","52,16","0,34792526726768","75,7558725119257","0,050391971792976","2,77956831180671","1,37767920794356"
135,31,96,4,49,50,50,"85,3",1,"7,978","1,893","38,81","14,55","51,7","0,34292224482545","75,7558725119257","0,048098519924753","2,82453536001941","1,37586336530922"
136,31,96,4,50,50,50,"83,8",1,"9,169","1,842","40,47","14,14","49,8","0,33791922238322","75,7558725119257","0,041240223562747","3,02803566689694","1,35720300618588"
137,41,93,7,45,50,50,"89,4",1,"9,385","1,968","33,06","20,98","51,85","0,34361776903866","56,7729093620084","0,040970515029756","3,06349473640808","1,40285423334001"
138,41,93,7,46,50,50,"87,9",1,"10,68","1,915","32,87","22,09","50,15","0,33933462487843","56,7729093620084","0,035553880640352","3,26802692767364","1,3838352503098"
139,41,93,7,47,50,50,"86,5",1,"11,11","1,908","33,41","21,86","49,7","0,3350514807182","56,7729093620084","0,033746409264056","3,33316666249979","1,38130373198656"
140,41,93,7,48,50,50,"85,1",1,"11,34","1,893","36,01","21,52","49,3","0,33076833655797","56,7729093620084","0,032639309401091","3,36749164809655","1,37586336530922"
141,41,93,7,49,50,50,"83,6",1,"13,85","1,858","34,83","21,84","47,6","0,32648519239774","56,7729093620084","0,026378117710691","3,72155881318568","1,3630847369111"
142,41,93,7,50,50,50,"82,2",1,"14,02","1,847","32,68","22,66","47,2","0,32220204823751","56,7729093620084","0,02571641169599","3,74432904536981","1,35904378148756"
143,41,94,6,45,50,50,"90,2",1,"7,657","2,003","35,31","18,44",54,"0,35205278236723","56,7729093620084","0,051449270402107","2,76712847551392","1,41527382509534"
144,41,94,6,46,50,50,"88,8",1,"8,835","1,961","33,29","19,91","52,28","0,347769638207","56,7729093620084","0,044046884567474","2,97237278954037","1,40035709731482"
145,41,94,6,47,50,50,"87,3",1,"8,894","1,946","35,44","19,36","51,8","0,34348649404677","56,7729093620084","0,043215806930328","2,98228100620984","1,39499103939774"
146,41,94,6,48,50,50,"85,9",1,"10,282","1,9","35,59","19,82","50,08","0,33920334988654","56,7729093620084","0,036915828488916","3,20655578463871","1,37840487520902"
147,41,94,6,49,50,50,"84,5",1,"10,52","1,892","36,88","19,51","49,69","0,33492020572631","56,7729093620084","0,035625067510242","3,24345494804537","1,37549990912395"
148,41,94,6,50,50,50,"83,1",1,"10,836","1,876","36,69","19,53","49,3","0,33063706156608","56,7729093620084","0,034143860455191","3,29180801384285","1,36967149346111"
149,41,95,5,45,50,50,91,1,"6,502","2,038","38,08","15,44","56,27","0,3604877956958","56,7729093620084","0,062040271206337","2,5499019588996","1,42758537397943"
150,41,95,5,46,50,50,"89,6",1,"7,175","1,985","35,58","16,36","54,4","0,35620465153557","56,7729093620084","0,055553032065269","2,67861904719577","1,40890028036054"
151,41,95,5,47,50,50,"88,2",1,"7,329","1,975","36,29","16,84",54,"0,35192150737534","56,7729093620084","0,053731773332379","2,70721258862321","1,40534693225552"
152,41,95,5,48,50,50,"86,8",1,"8,315","1,93","36,28","17,26","52,2","0,34763836321511","56,7729093620084","0,046783803780843","2,88357417105924","1,38924439894498"
153,41,95,5,49,50,50,"85,3",1,"8,343","1,914","34,89","17,78","51,8","0,34335521905488","56,7729093620084","0,046052318125664","2,88842517645862","1,3834738884417"
154,41,95,5,50,50,50,"83,9",1,"9,899","1,879","38,29","17,13",50,"0,33907207489465","56,7729093620084","0,038329291020014","3,14626763006582","1,37076620909621"
155,41,96,4,45,50,50,"91,9",1,"5,903","2,034","37,27","13,61","57,1","0,36892280902437","56,7729093620084","0,069934715110668","2,42960902204449","1,42618371888057"
156,41,96,4,46,50,50,"90,5",1,"6,094","2,019","37,6","13,33","56,69","0,36463966486414","56,7729093620084","0,066956315225299","2,46860284371545","1,42091519803259"
157,41,96,4,47,50,50,89,1,"6,145","2,001","38,34","13,61","56,21","0,36035652070391","56,7729093620084","0,065620658530134","2,47891105124811","1,41456707158056"
158,41,96,4,48,50,50,"87,6",1,"6,832","1,957","38,92","13,91","54,39","0,35607337654368","56,7729093620084","0,058320566210828","2,61380948043273","1,39892816112908"
159,41,96,4,49,50,50,"86,2",1,"6,954","1,945","40,11","13,79","53,97","0,35179023238345","56,7729093620084","0,056608178032367","2,63704379940872","1,39463256809814"
160,41,96,4,50,50,50,"84,8",1,"7,813","1,898","39,48","14,15","52,1","0,34750708822322","56,7729093620084","0,049770949919593","2,7951744131628","1,37767920794356"
161,51,93,7,45,50,50,"90,1",1,"8,194","2,024","32,29","21,14","53,9","0,35077348386866","42,1699061133102","0,047902798199784","2,86251637549901","1,4226735395023"
162,51,93,7,46,50,50,"88,7",1,"9,239","1,979","33,35","21,36","52,2","0,34721021799043","42,1699061133102","0,042053061362841","3,03957233833972","1,40676934854297"
163,51,93,7,47,50,50,"87,4",1,"9,33","1,968","33,87","21,32","51,89","0,3436469521122","42,1699061133102","0,041215534771013","3,05450486986025","1,40285423334001"
164,51,93,7,48,50,50,86,1,"9,662","1,952","32,35","21,74","51,5","0,34008368623397","42,1699061133102","0,039386632673961","3,10837578165832","1,39713993572584"
165,51,93,7,49,50,50,"84,7",1,"11,49","1,918","32,72","21,97","49,8","0,33652042035574","42,1699061133102","0,032773398640389","3,38969025133566","1,38491877018113"
166,51,93,7,50,50,50,"83,3",1,"11,28","1,903","33,22","21,85","49,5","0,33295715447751","42,1699061133102","0,033030058143647","3,35857112474933","1,37949266036467"
167,51,94,6,45,50,50,"90,9",1,"7,457","2,017","32,65","18,87","54,8","0,35920849719723","42,1699061133102","0,05390295136968","2,7307508125056","1,42021125189177"
168,51,94,6,46,50,50,"89,6",1,"7,612","2,018","33,71","18,93","54,4","0,355645231319","42,1699061133102","0,052281530983442","2,75898532072934","1,42056326856638"
169,51,94,6,47,50,50,"88,2",1,"7,854","2,003","34,23","19,05",54,"0,35208196544077","42,1699061133102","0,050162938544464","2,80249888492395","1,41527382509534"
170,51,94,6,48,50,50,"86,9",1,"8,627","1,96","35,19","19,55","52,3","0,34851869956254","42,1699061133102","0,045206030463717","2,93717551399299","1,4"
171,51,94,6,49,50,50,"85,5",1,"8,758","1,947","35,66","19,1","51,93","0,34495543368431","42,1699061133102","0,044074575278916","2,9593918294136","1,39534941860453"
172,51,94,6,50,50,50,"84,1",1,"9,06","1,937","36,35","19,26","51,6","0,34139216780608","42,1699061133102","0,042165324036976","3,00998338865848","1,39176147381654"
173,51,95,5,45,50,50,"91,8",1,"6,159","2,056","35,23","15,92",57,"0,3676435105258","42,1699061133102","0,066795435667863","2,48173326528054","1,43387586631479"
174,51,95,5,46,50,50,"90,4",1,"6,376","2,047","35,87","16,15","56,6","0,36408024464757","42,1699061133102","0,063896768155682","2,52507425633386","1,43073407731835"
175,51,95,5,47,50,50,"89,1",1,"6,502","2,038","34,37","16,5","56,24","0,36051697876934","42,1699061133102","0,062045293639325","2,5499019588996","1,42758537397943"
176,51,95,5,48,50,50,"87,7",1,"7,133","1,983","34,31","17,01","54,5","0,35695371289111","42,1699061133102","0,05599764541219","2,67076767990029","1,40819032804518"
177,51,95,5,49,50,50,"86,3",1,"7,352","1,977","34,79","16,95","54,1","0,35339044701288","42,1699061133102","0,053787256557048","2,71145717281317","1,40605832026982"
178,51,95,5,50,50,50,85,1,"8,264","1,931","33,64","17,95","52,32","0,34982718113465","42,1699061133102","0,047368903157027","2,87471737741295","1,38960426021224"
179,51,96,4,45,50,50,"92,6",1,"5,373","2,089","36,57","12,78","59,34","0,37607852385437","42,1699061133102","0,078323444666488","2,31797325264982","1,44533733086778"
180,51,96,4,46,50,50,"91,3",1,"5,422","2,069","36,23","13,44","58,92","0,37251525797614","42,1699061133102","0,076880223842734","2,3285188425263","1,43840189098875"
181,51,96,4,47,50,50,"89,9",1,"5,934","2,03","36,07","13,67","57,1","0,36895199209791","42,1699061133102","0,069574870097331","2,43598029548681","1,4247806848775"
182,51,96,4,48,50,50,"88,5",1,"5,928","2,016","37,07","14,07","56,7","0,36538872621968","42,1699061133102","0,068972669473654","2,43474844696531","1,41985914794391"
183,51,96,4,49,50,50,"87,2",1,"6,137","2,008","38,31","13,13","56,39","0,36182546034145","42,1699061133102","0,065974041082301","2,47729691397701","1,41703916671347"
184,51,96,4,50,50,50,"85,8",1,"6,707","1,959","37,68","14,18","54,5","0,35826219446322","42,1699061133102","0,059772684598829","2,58978763608138","1,3996428115773"
185,61,93,7,45,50,50,"90,9",1,"7,794","2,056","30,98","21,39","54,81","0,35909643909866","30,9362698154691","0,051556186213934","2,79177362979164","1,43387586631479"
186,61,93,7,46,50,50,"89,6",1,"8,054","2,038","31,7","21,17","54,5","0,35625305150243","30,9362698154691","0,049496792231341","2,83795701165469","1,42758537397943"
187,61,93,7,47,50,50,"88,3",1,"8,068","2,027","32,44","21,24","54,2","0,3534096639062","30,9362698154691","0,049016536181338","2,84042250378355","1,42372750201715"
188,61,93,7,48,50,50,"87,1",1,"8,236","2,02","34,57","20,79","53,89","0,35056627630997","30,9362698154691","0,047630362213557","2,86984320129167","1,42126704035519"
189,61,93,7,49,50,50,"85,8",1,"9,193","1,978","34,19","20,86","52,27","0,34772288871374","30,9362698154691","0,042325890620111","3,03199604221378","1,40641387933993"
190,61,93,7,50,50,50,"84,5",1,"9,448","1,97","33,74","21,09",52,"0,34487950111751","30,9362698154691","0,040846757170882","3,0737599125501","1,40356688476182"
191,61,94,6,45,50,50,"91,8",1,"6,61","2,09","32,99","18,13","57,09","0,36753145242723","30,9362698154691","0,062219015925276","2,57099202643649","1,4456832294801"
192,61,94,6,46,50,50,"90,5",1,"6,601","2,079","32,45","18,63","56,7","0,364688064831","30,9362698154691","0,061821836774108","2,56924113309748","1,44187378088375"
193,61,94,6,47,50,50,"89,2",1,"6,786","2,07","32,29","18,54","56,4","0,36184467723477","30,9362698154691","0,059667579402551","2,60499520153109","1,43874945699382"
194,61,94,6,48,50,50,"87,9",1,"7,468","2,025","33,31","18,99","54,7","0,35900128963854","30,9362698154691","0,053792507111078","2,73276416838336","1,42302494707577"
195,61,94,6,49,50,50,"86,6",1,"7,576","2,015","36,02","18,69","54,4","0,35615790204231","30,9362698154691","0,052605688012849","2,7524534510142","1,41950695665784"
196,61,94,6,50,50,50,"85,3",1,"7,761","2,016","33,43","19,1","54,1","0,35331451444608","30,9362698154691","0,050941752566056","2,78585713919433","1,41985914794391"
197,61,95,5,45,50,50,"92,6",1,"5,682","2,13","35,66","15,41","59,38","0,3759664657558","30,9362698154691","0,074041970288761","2,38369461131245","1,45945195193264"
198,61,95,5,46,50,50,"91,3",1,"5,626","2,11","35,95","15,56",59,"0,37312307815957","30,9362698154691","0,074213424184244","2,37191905426808","1,4525839046334"
199,61,95,5,47,50,50,90,1,"5,759","2,103","35,32","15,95","58,7","0,37027969056334","30,9362698154691","0,071947034856812","2,39979165762364","1,4501724035438"
200,61,95,5,48,50,50,"88,7",1,"6,239","2,057","35,09","15,98",57,"0,36743630296711","30,9362698154691","0,065901782820996","2,49779903114722","1,43422452914458"
201,61,95,5,49,50,50,"87,5",1,"6,392","2,047","34,1","16,47","56,7","0,36459291537088","30,9362698154691","0,063826575766586","2,52824049488968","1,43073407731835"
202,61,95,5,50,50,50,"86,2",1,"6,507","2,048","36,17","16,17","56,4","0,36174952777465","30,9362698154691","0,062209577620998","2,55088220033776","1,43108350559987"
203,61,96,4,45,50,50,"93,4",1,"4,86","2,164","35,5","13,1","61,72","0,38440147908437","30,9362698154691","0,088507254134858","2,20454076850486","1,47105404387466"
204,61,96,4,46,50,50,"92,2",1,"4,943","2,146","36,67","12,78","61,4","0,38155809148814","30,9362698154691","0,086377403272351","2,22328585656456","1,4649232061784"
205,61,96,4,47,50,50,"90,9",1,"5,286","2,095","36,5","13,09","59,6","0,37871470389191","30,9362698154691","0,080170592821613","2,29913027034137","1,44741148261301"
206,61,96,4,48,50,50,"89,6",1,"5,341","2,084","36,3","13,2","59,3","0,37587131629568","30,9362698154691","0,078749298433789","2,31106036269068","1,44360659460949"
207,61,96,4,49,50,50,"88,3",1,"5,392","2,073","35,59","13,79",59,"0,37302792869945","30,9362698154691","0,077414364283139","2,322068043792","1,43979165159408"
208,61,96,4,50,50,50,87,1,"5,524","2,07","36,53","13,84","58,7","0,37018454110322","30,9362698154691","0,074988504977282","2,35031912726761","1,43874945699382"
209,71,93,7,45,50,50,"91,9",1,"6,775","2,128","31,4","20,63","57,21","0,36858663472866","22,2945827376124","0,06087799915297","2,60288301696407","1,45876660230484"
210,71,93,7,46,50,50,"90,6",1,"6,817","2,11","31,46","20,71","56,98","0,36646312541443","22,2945827376124","0,060154354897865","2,6109385285755","1,4525839046334"
211,71,93,7,47,50,50,"89,4",1,"7,027","2,099","31,4","20,9","56,7","0,3643396161002","22,2945827376124","0,058018504399619","2,65084892062901","1,44879260075416"
212,71,93,7,48,50,50,"88,2",1,"7,113","2,097","32,99","19,83","56,46","0,36221610678597","22,2945827376124","0,05698296407894","2,66702080981758","1,44810220633766"
213,71,93,7,49,50,50,87,1,"7,261","2,095","30,04","20,57","56,2","0,36009259747174","22,2945827376124","0,055494231727156","2,69462427807663","1,44741148261301"
214,71,93,7,50,50,50,"85,8",1,"7,822","2,04","31,74","20,85","54,63","0,35796908815751","22,2945827376124","0,051210356641301","2,79678386723036","1,42828568570857"
215,71,94,6,45,50,50,"92,7",1,"5,901","2,16","33,06","17,78","59,5","0,37702164805723","22,2945827376124","0,0714941915228","2,42919739831904","1,46969384566991"
216,71,94,6,46,50,50,"91,5",1,"5,91","2,152","31,79","18,07","59,28","0,374898138743","22,2945827376124","0,070983251650324","2,43104915622864","1,46696966567138"
217,71,94,6,47,50,50,"90,3",1,"5,993","2,141","33,48","18,22",59,"0,37277462942877","22,2945827376124","0,069603672673251","2,44806045676981","1,46321563687653"
218,71,94,6,48,50,50,"89,1",1,"6,122","2,142","33,51","18,38","58,78","0,37065112011454","22,2945827376124","0,067748873474056","2,47426756839272","1,46355731011806"
219,71,94,6,49,50,50,"87,9",1,"6,535","2,088","33,48","18,1","57,11","0,36852761080031","22,2945827376124","0,063103656692509","2,55636460623284","1,44499134945508"
220,71,94,6,50,50,50,"86,6",1,"6,612","2,082","32,77","18,55","56,9","0,36640410148608","22,2945827376124","0,062009405560031","2,57138095194003","1,44291371883422"
221,71,95,5,45,50,50,"93,5",1,"5,096","2,208","32,05","15,79","61,9","0,3854566613858","22,2945827376124","0,08464011069284","2,25743216952359","1,48593404968054"
222,71,95,5,46,50,50,"92,3",1,"5,151","2,186","35,02","15,22","61,6","0,38333315207157","22,2945827376124","0,083275052837913","2,26958145921225","1,4785127662621"
223,71,95,5,47,50,50,"91,1",1,"5,196","2,185","34,41","15,57","61,39","0,38120964275734","22,2945827376124","0,08209653391945","2,27947362344906","1,47817454990945"
224,71,95,5,48,50,50,"89,9",1,"5,511","2,135","33,16","15,98","59,7","0,37908613344311","22,2945827376124","0,076972851265259","2,34755191635883","1,46116391962025"
225,71,95,5,49,50,50,"88,7",1,"5,634","2,129","33,33","15,82","59,42","0,37696262412888","22,2945827376124","0,074870638338697","2,3736048533823","1,45910931735768"
226,71,95,5,50,50,50,"87,5",1,"5,626","2,111","34,61","15,77","59,2","0,37483911481465","22,2945827376124","0,074554740397724","2,37191905426808","1,45292807805479"
227,71,96,4,45,50,50,"94,4",1,"4,449","2,232","34,13","12,4","64,31","0,39389167471437","22,2945827376124","0,099070529108874","2,10926527492395","1,49398795175865"
228,71,96,4,46,50,50,"93,2",1,"4,452","2,224","38,01","11,94","64,07","0,39176816540014","22,2945827376124","0,098470030791275","2,10997630318447","1,49130815058458"
229,71,96,4,47,50,50,92,1,"4,803","2,178","34,85","13,12","62,31","0,38964465608591","22,2945827376124","0,090779173466611","2,1915747762739","1,47580486514986"
230,71,96,4,48,50,50,"90,8",1,"4,763","2,16","35,74","12,84","62,08","0,38752114677168","22,2945827376124","0,091042654469349","2,1824298385057","1,46969384566991"
231,71,96,4,49,50,50,"89,5",1,"4,81","2,157","36,58","12,71","61,8","0,38539763745745","22,2945827376124","0,0896590345769","2,19317121994613","1,46867287031524"
232,71,96,4,50,50,50,"88,3",1,"4,903","2,151","35,81","13,51","61,6","0,38327412814322","22,2945827376124","0,087473740443048","2,21427188935776","1,46662878738964"
233,81,93,7,45,50,50,"92,9",1,"6,049","2,21","29,43","19,7","59,87","0,37924407075866","15,6468015943021","0,070156077893692","2,45947148794207","1,48660687473185"
234,81,93,7,46,50,50,"91,8",1,"6,105","2,199","30,33","19,85","59,67","0,37784043972643","15,6468015943021","0,0692552747017","2,47082982012117","1,48290255917238"
235,81,93,7,47,50,50,"90,6",1,"6,059","2,18","32,32","19,31","59,48","0,3764368086942","15,6468015943021","0,06952183345912","2,46150360552245","1,47648230602334"
236,81,93,7,48,50,50,"89,5",1,"6,126","2,192","31,45","20,01","59,29","0,37503317766197","15,6468015943021","0,068505080934336","2,47507575641636","1,48054044186574"
237,81,93,7,49,50,50,"88,4",1,"6,323","2,171","32,19","19,07","59,1","0,37362954662974","15,6468015943021","0,066122325269442","2,51455761516812","1,47343136928735"
238,81,93,7,50,50,50,"87,2",1,"6,308","2,174","33,67","18,9","58,91","0,37222591559751","15,6468015943021","0,066030564291949","2,5115732121521","1,47444904964532"
239,81,94,6,45,50,50,"93,8",1,"5,25","2,246","31,88","17,03","62,2","0,38767908408723","15,6468015943021","0,082631027636878","2,29128784747792","1,49866607354674"
240,81,94,6,46,50,50,"92,6",1,"5,282","2,232","30,54","17,99",62,"0,386275453055","15,6468015943021","0,081833061713091","2,29826021155134","1,49398795175865"
241,81,94,6,47,50,50,"91,5",1,"5,325","2,24","31,31","17,6","61,83","0,38487182202277","15,6468015943021","0,080877289923658","2,30759615184287","1,49666295470958"
242,81,94,6,48,50,50,"90,3",1,"5,322","2,227","33,86","17,21","61,65","0,38346819099054","15,6468015943021","0,080627753799026","2,30694603317893","1,49231363995643"
243,81,94,6,49,50,50,"89,2",1,"5,386","2,226","33,34","17,03","61,48","0,38206455995831","15,6468015943021","0,07937806212279","2,32077573237915","1,49197855212466"
244,81,94,6,50,50,50,"88,1",1,"5,432","2,212","30,21","17,79","61,3","0,38066092892608","15,6468015943021","0,078416711978697","2,33066514111315","1,48727939540626"
245,81,95,5,45,50,50,"94,6",1,"4,581","2,28","33,16","14,92","64,67","0,3961140974158","15,6468015943021","0,096758715347802","2,14032707780844","1,50996688705415"
246,81,95,5,46,50,50,"93,5",1,"4,663","2,269","34,44","14,43","64,48","0,39471046638357","15,6468015943021","0,094720354253317","2,15939806427625","1,50632001911944"
247,81,95,5,47,50,50,"92,3",1,"4,689","2,272","34,87","14,46","64,29","0,39330683535134","15,6468015943021","0,093860172479878","2,16540989191423","1,50731549451334"
248,81,95,5,48,50,50,"91,2",1,"4,699","2,258","33,66","14,89","64,1","0,39190320431911","15,6468015943021","0,09332617272464","2,16771769379687","1,50266430050095"
249,81,95,5,49,50,50,90,1,"4,743","2,265","33,8","15,05","63,9","0,39049957328688","15,6468015943021","0,092129247840611","2,17784296954578","1,50499169432924"
250,81,95,5,50,50,50,"88,9",1,"5,003","2,205","31,52","15,8","62,3","0,38909594225465","15,6468015943021","0,087027455403349","2,23673869730016","1,48492424049175"
251,81,96,4,45,50,50,"95,5",1,"4,092","2,324","32,91","13,05","67,15","0,40454911074437","15,6468015943021","0,110628165914699","2,02286924935844","1,52446712001276"
252,81,96,4,46,50,50,"94,3",1,"4,105","2,312","35,51","11,87","66,99","0,40314547971214","15,6468015943021","0,109895198976342","2,02607995893548","1,52052622469986"
253,81,96,4,47,50,50,"93,2",1,"4,11","2,3","33,37","12,04","66,8","0,40174184867991","15,6468015943021","0,109379350042049","2,02731349327133","1,51657508881031"
254,81,96,4,48,50,50,92,1,"4,143","2,309","34,26","12,54","66,6","0,40033821764768","15,6468015943021","0,10812900447689","2,03543607121422","1,51953940389843"
255,81,96,4,49,50,50,"90,9",1,"4,357","2,255","36,38","12,02","64,92","0,39893458661545","15,6468015943021","0,102457609002224","2,08734280845289","1,50166574176812"
256,81,96,4,50,50,50,"89,8",1,"4,389","2,249","33,65","13,48","64,73","0,39753095558322","15,6468015943021","0,101352731669543","2,09499403340439","1,4996666296214"
257,91,93,7,45,50,50,"94,1",1,"5,186","2,333","31,77","18,32",64,"0,39106874718866","10,5328702830664","0,084382168936389","2,27727907819837","1,5274161188098"
258,91,93,7,46,50,50,93,1,"5,115","2,324","32,3","18,16","63,9","0,39038499443843","10,5328702830664","0,085403872683598","2,26163657557973","1,52446712001276"
259,91,93,7,47,50,50,92,1,"5,377","2,279","30,74","18,73","62,5","0,3897012416882","10,5328702830664","0,081100184015082","2,31883591485038","1,50963571764847"
260,91,93,7,48,50,50,"90,9",1,"5,38","2,292","30,61","18,64","62,4","0,38901748893797","10,5328702830664","0,08091274537576","2,31948270094864","1,51393526942205"
261,91,93,7,49,50,50,"89,8",1,"5,445","2,274","31,05","19,13","62,3","0,38833373618774","10,5328702830664","0,079806327051255","2,33345237791561","1,50797877969154"
262,91,93,7,50,50,50,"88,8",1,"5,478","2,263","28,62","19,65","62,2","0,38764998343751","10,5328702830664","0,07918589475476","2,34051276433178","1,50432709209134"
263,91,94,6,45,50,50,95,1,"4,708","2,342","29,92","17,11","65,17","0,39950376051723","10,5328702830664","0,094954271032027","2,16979261681848","1,5303594349041"
264,91,94,6,46,50,50,"93,9",1,"4,722","2,337","32,53","16,44","65,07","0,398820007767","10,5328702830664","0,094510713403489","2,17301633680007","1,52872495891184"
265,91,94,6,47,50,50,"92,8",1,"4,791","2,322","30,03","17,17","64,94","0,39813625501677","10,5328702830664","0,092989870457893","2,18883530673278","1,52381101190404"
266,91,94,6,48,50,50,"91,7",1,"4,769","2,317","31,46","16,71","64,8","0,39745250226654","10,5328702830664","0,093258408478981","2,183804020511","1,52216950435883"
267,91,94,6,49,50,50,"90,7",1,"4,765","2,324","32,67","16,57","64,72","0,39676874951631","10,5328702830664","0,093176123968258","2,18288799529431","1,52446712001276"
268,91,94,6,50,50,50,"89,6",1,"4,776","2,321","31,28",17,"64,61","0,39608499676608","10,5328702830664","0,092801321478485","2,18540614074364","1,52348285188905"
269,91,95,5,45,50,50,"95,8",1,"4,178","2,369","31,6","14,52","67,7","0,4079387738458","10,5328702830664","0,109258853023803","2,04401565551734","1,53915561266559"
270,91,95,5,46,50,50,"94,7",1,"4,21","2,375","30,64","14,71","67,59","0,40725502109557","10,5328702830664","0,108246643374333","2,05182845286832","1,54110350074224"
271,91,95,5,47,50,50,"93,7",1,"4,193","2,363","30,93","14,72","67,46","0,40657126834534","10,5328702830664","0,108503040610168","2,04768161587684","1,53720525630119"
272,91,95,5,48,50,50,"92,6",1,"4,271","2,376","32,41","14,74","67,39","0,40588751559511","10,5328702830664","0,106342339019182","2,0666397847714","1,54142790943982"
273,91,95,5,49,50,50,"91,5",1,"4,237","2,357","30,87","14,85","67,27","0,40520376284488","10,5328702830664","0,10701510753444","2,0583974348993","1,53525242224202"
274,91,95,5,50,50,50,"90,5",1,"4,28","2,367","32,48","14,34","67,17","0,40452001009465","10,5328702830664","0,10576118955512","2,06881608655772","1,53850576859497"
275,91,96,4,45,50,50,"96,6",1,"3,753","2,419","33,83","12,17","70,3","0,41637378717437","10,5328702830664","0,124146620796195","1,93726611491555","1,55531347322654"
276,91,96,4,46,50,50,"95,6",1,"3,739","2,421","35,32","11,55","70,2","0,41569003442414","10,5328702830664","0,124406832982245","1,93364939945172","1,55595629758679"
277,91,96,4,47,50,50,"94,5",1,"3,794","2,419","34,75","12,01","70,07","0,41500628167391","10,5328702830664","0,122401694568557","1,94781929346641","1,55531347322654"
278,91,96,4,48,50,50,"93,4",1,"3,771","2,414","34,99","11,34","69,98","0,41432252892368","10,5328702830664","0,122945348678228","1,94190627992187","1,55370524875216"
279,91,96,4,49,50,50,"92,4",1,"3,767","2,41","34,61","11,92","69,88","0,41363877617345","10,5328702830664","0,122872787506793","1,94087609084145","1,552417469626"
280,91,96,4,50,50,50,"91,3",1,"3,782","2,401","33,43","11,92","69,76","0,41295502342322","10,5328702830664","0,122183149447537","1,94473648600524","1,54951605348251"
281,1,93,7,42,50,50,"92,8",1,"8,951","1,987","33,27","21,34","52,4","0,34815528558335","174,20989644446","0,043524272658672","2,99182218722972","1,40960987510729"
282,1,94,6,42,50,50,"93,7",1,"7,522","2,021","33,4","19,58","54,57","0,35659029891192","174,20989644446","0,053047666110401","2,74262647839621","1,42161879559888"
283,1,95,5,42,50,50,"94,5",1,"6,377","2,045","34,96","15,71","56,78","0,36502531224049","174,20989644446","0,064052583408673","2,52527226254913","1,43003496460751"
284,1,96,4,42,50,50,"95,3",1,"5,431","2,082","36,69","13,52","59,09","0,37346032556906","174,20989644446","0,076947542683075","2,33045060020589","1,44291371883422"
285,11,93,7,42,50,50,"92,8",1,"9,103","1,985","32,37","21,31","52,4","0,34848240396735","132,510528403874","0,042837724930184","3,01711782998278","1,40890028036054"
286,11,94,6,42,50,50,"93,7",1,"7,384","2,018","35,61","18,18","54,6","0,35691741729592","132,510528403874","0,054088649777104","2,71735165188461","1,42056326856638"
287,11,95,5,42,50,50,"94,5",1,"6,31","2,053","35,18","15,94","56,8","0,36535243062449","132,510528403874","0,064790708378574","2,51197133741609","1,43282936876657"
288,11,96,4,42,50,50,"95,4",1,"5,43","2,078","35,21","13,51","59,1","0,37378744395306","132,510528403874","0,077029125190327","2,33023603954621","1,44152696818339"
289,21,93,7,42,50,50,93,1,"8,862","1,992","31,06","21,65","52,6","0,34997676275135","100,432501272057","0,04419137864125","2,97691115084075","1,41138230115019"
290,21,94,6,42,50,50,"93,8",1,"7,308","2,026","34,62","18,35","54,77","0,35841177607992","100,432501272057","0,054879964071351","2,70333127825651","1,42337626789265"
291,21,95,5,42,50,50,"94,7",1,"6,265","2,062","36,68","15,81",57,"0,36684678940849","100,432501272057","0,06552299399012","2,50299820215677","1,43596657342711"
292,21,96,4,42,50,50,"95,5",1,"5,346","2,09","37,9","12,88","59,29","0,37528180273706","100,432501272057","0,078552251639127","2,31214186415972","1,4456832294801"
293,31,93,7,42,50,50,"93,3",1,"8,061","2,025","33,97","20,06","54,1","0,35263836193535","75,7558725119257","0,048952031634494","2,83919002534173","1,42302494707577"
294,31,94,6,42,50,50,"94,1",1,"6,769","2,068","35,07","17,82","56,3","0,36107337526392","75,7558725119257","0,059689925678878","2,60173019354429","1,4380542409798"
295,31,95,5,42,50,50,95,1,"6,208","2,072","34,58","15,91","57,29","0,36950838859249","75,7558725119257","0,0666043632144","2,49158584038359","1,43944433723573"
296,31,96,4,42,50,50,"95,8",1,"5,298","2,103","36,89","13,14","59,6","0,37794340192106","75,7558725119257","0,079826097914244","2,30173847341526","1,4501724035438"
297,41,93,7,42,50,50,"93,6",1,"7,889","2,048","32,87","20,91","54,59","0,35646720151935","56,7729093620084","0,050562403156313","2,80873637068344","1,43108350559987"
298,41,94,6,42,50,50,"94,5",1,"6,583","2,076","33,55","18,28","56,8","0,36490221484792","56,7729093620084","0,062027279115118","2,56573576192093","1,44083309234623"
299,41,95,5,42,50,50,"95,3",1,"5,665","2,112","33,79","15,81","59,08","0,37333722817649","56,7729093620084","0,073744811708648","2,38012604708238","1,4532721699668"
300,41,96,4,42,50,50,"96,2",1,"4,94","2,15","35,44","12,81","61,4","0,38177224150506","56,7729093620084","0,08647836806562","2,22261107708929","1,46628782986152"
301,51,93,7,42,50,50,"94,1",1,"7,141","2,101","32,87","20,13","56,4","0,36146328150335","42,1699061133102","0,056641564487082","2,67226495692325","1,44948266633306"
302,51,94,6,42,50,50,95,1,"6,483","2,096","32,14","18,68","57,4","0,36989829483192","42,1699061133102","0,063846397025593","2,54617359973746","1,44775688566831"
303,51,95,5,42,50,50,"95,8",1,"5,532","2,142","34,13","15,29","59,7","0,37833330816049","42,1699061133102","0,076528375240707","2,35202040807473","1,46355731011806"
304,51,96,4,42,50,50,"96,7",1,"4,807","2,165","36,34","12,5","62,03","0,38676832148906","42,1699061133102","0,09003406526862","2,19248717214035","1,47139389695622"
305,61,93,7,42,50,50,"94,8",1,"6,7","2,124","31,99","20,12","57,11","0,36762660188735","30,9362698154691","0,061399129479395","2,58843582110896","1,45739493617893"
306,61,94,6,42,50,50,"95,6",1,"5,962","2,168","32,76","17,82","59,42","0,37606161521592","30,9362698154691","0,07058251382533","2,44172070474901","1,47241298554448"
307,61,95,5,42,50,50,"96,4",1,"5,122","2,191","34,53","15,1","61,79","0,38449662854449","30,9362698154691","0,084000727712082","2,26318359838525","1,48020268882339"
308,61,96,4,42,50,50,"97,3",1,"4,439","2,229","35,84","12,57","64,22","0,39293164187306","30,9362698154691","0,099051702468113","2,10689344770921","1,49298358999689"
309,71,93,7,42,50,50,"95,5",1,"6,251","2,19","29,94","20,18","59,3","0,37495716267135","22,2945827376124","0,067121590950127","2,50019999200064","1,47986485869487"
310,71,94,6,42,50,50,"96,3",1,"5,354","2,232","33,32","16,74","61,69","0,38339217599992","22,2945827376124","0,080129967303682","2,31387121508523","1,49398795175865"
311,71,95,5,42,50,50,"97,2",1,"4,701","2,266","33,24","15,02","64,1","0,39182718932849","22,2945827376124","0,093268373720183","2,16817895940349","1,5053238854147"
312,71,96,4,42,50,50,98,1,"4,076","2,289","36,67","11,9","66,6","0,40026220265706","22,2945827376124","0,109885526195596","2,01891059732718","1,51294414966317"
313,81,93,7,42,50,50,"96,3",1,"5,57","2,26","28,58","19,36","61,7","0,38345496385535","15,6468015943021","0,077035207280815","2,36008474424119","1,50332963783729"
314,81,94,6,42,50,50,"97,2",1,"4,891","2,313","31,2","16,73","64,1","0,39188997718392","15,6468015943021","0,089659555197057","2,2115605350069","1,52085502267639"
315,81,95,5,42,50,50,98,1,"4,3","2,344","34,07","14,26","66,6","0,40032499051249","15,6468015943021","0,10417759636825","2,07364413533277","1,53101273672037"
316,81,96,4,42,50,50,"98,9",1,"4,023","2,342",34,"12,15","67,8","0,40876000384106","15,6468015943021","0,113696854163099","2,00574175805361","1,5303594349041"
317,91,93,7,42,50,50,"97,3",1,"5,082","2,35","30,9","18,21","64,3","0,39312000543935","10,5328702830664","0,086560662354709","2,25432916851111","1,53297097167559"
318,91,94,6,42,50,50,"98,2",1,"4,516","2,403","31,8","16,34","66,8","0,40155501876792","10,5328702830664","0,099499571745196","2,12508823346232","1,55016128193166"
319,91,95,5,42,50,50,99,1,"4,161","2,397","33,94","14,2","68,02","0,40999003209649","10,5328702830664","0,110256872366251","2,03985293587553","1,54822478988033"
320,91,96,4,42,50,50,"99,8",1,"3,737","2,438","34,33","12,03","70,61","0,41842504542506","10,5328702830664","0,125292380473814","1,93313217344288","1,56140961954255"
321,1,93,7,43,50,50,"91,1",1,"9,617","1,964","32,64","22,02","51,6","0,34099262829512","174,20989644446","0,039676692426145","3,1011288267339","1,40142784330839"
322,1,94,6,43,50,50,"91,9",1,"8,718","1,966","35,56","18,96","52,49","0,34942764162369","174,20989644446","0,044850829430708","2,95262594989613","1,40214121970649"
323,1,95,5,43,50,50,"92,8",1,"7,132",2,"34,67","16,81","54,6","0,35786265495226","174,20989644446","0,056148108649969","2,67058046124808","1,4142135623731"
324,1,96,4,43,50,50,"93,6",1,"6,003","2,021","35,78","13,7","56,9","0,36629766828083","174,20989644446","0,068280374946901","2,45010203869145","1,42161879559888"
325,11,93,7,43,50,50,"91,2",1,"9,505","1,968","33,63","21,5","51,7","0,34203962496112","132,510528403874","0,040267473995949","3,0830180018936","1,40285423334001"
326,11,94,6,43,50,50,92,1,"7,859","1,999","35,37","18,11","53,86","0,35047463828969","132,510528403874","0,049902165701255","2,8033908040086","1,41385996477728"
327,11,95,5,43,50,50,"92,9",1,"7,047","1,993","35,97","16,64","54,73","0,35890965161826","132,510528403874","0,056991613475356","2,65461861667547","1,41173651932646"
328,11,96,4,43,50,50,"93,7",1,"5,896","2,027","38,94","13,28",57,"0,36734466494683","132,510528403874","0,069718229320811","2,42816803372419","1,42372750201715"
329,21,93,7,43,50,50,"91,4",1,"9,462","1,976","33,6","21,31","51,92","0,34425386202712","100,432501272057","0,040712330544108","3,07603641070778","1,40570267126445"
330,21,94,6,43,50,50,"92,3",1,"7,696","2,002","35,21","18,67","54,1","0,35268887535569","100,432501272057","0,051281035800808","2,77416654150395","1,41492049246592"
331,21,95,5,43,50,50,"93,1",1,"6,567","2,038","35,53","16,35","56,3","0,36112388868426","100,432501272057","0,061534586788136","2,56261585103971","1,42758537397943"
332,21,96,4,43,50,50,94,1,"5,805","2,033","38,11","13,43","57,2","0,36955890201283","100,432501272057","0,071237969225212","2,40935676063135","1,42583308981101"
333,31,93,7,43,50,50,"91,8",1,"9,058","1,982","31,67","21,58","52,3","0,34763533949312","75,7558725119257","0,042945898089291","3,0096511425745","1,40783521763025"
334,31,94,6,43,50,50,"92,6",1,"7,46","2,012","35,1","18,63","54,5","0,35607035282169","75,7558725119257","0,053410552923254","2,73130005674953","1,41844985811977"
335,31,95,5,43,50,50,"93,5",1,"6,321","2,05","35,75","15,45","56,7","0,36450536615026","75,7558725119257","0,06452800264549","2,51415989944952","1,43178210632764"
336,31,96,4,43,50,50,"94,3",1,"5,363","2,082","35,87","13,43",59,"0,37294037947883","75,7558725119257","0,07781470905031","2,31581519124476","1,44291371883422"
337,41,93,7,43,50,50,"92,2",1,"8,094","2,023","32,92","20,34","54,05","0,35218405735912","56,7729093620084","0,048689641732747","2,8449956063235","1,42232204510793"
338,41,94,6,43,50,50,"93,1",1,"6,855","2,067","36,53","17,33","56,3","0,36061907068769","56,7729093620084","0,058866920510507","2,61820549231721","1,43770650690605"
339,41,95,5,43,50,50,"93,9",1,"6,218","2,072","35,32","16,01","57,2","0,36905408401626","56,7729093620084","0,066415490513701","2,49359178696113","1,43944433723573"
340,41,96,4,43,50,50,"94,7",1,"5,238","2,088","36,81","13,05","59,5","0,37748909734483","56,7729093620084","0,080643432594285","2,28866773473128","1,44499134945508"
341,51,93,7,43,50,50,"92,8",1,"7,897","2,049","29,22","21,48","54,7","0,35790001562512","42,1699061133102","0,050714210141131","2,81016013778575","1,43143284858215"
342,51,94,6,43,50,50,"93,6",1,"6,517","2,086","33,43","18,16","56,91","0,36633502895369","42,1699061133102","0,062901472671349","2,55284155403347","1,44429913799046"
343,51,95,5,43,50,50,"94,5",1,"5,634","2,117","33,8","15,81","59,2","0,37477004228226","42,1699061133102","0,074435157492696","2,3736048533823","1,45499140890934"
344,51,96,4,43,50,50,"95,3",1,"4,851","2,151","35,56","13,06","61,6","0,38320505561083","42,1699061133102","0,08839547664987","2,20249858115732","1,46662878738964"
345,61,93,7,43,50,50,"93,5",1,"6,944","2,108","33,08","20,23","56,8","0,36478321429112","30,9362698154691","0,058783470160104","2,6351470547201","1,45189531303052"
346,61,94,6,43,50,50,"94,3",1,"6,012","2,152","31,9","18,49","59,09","0,37321822761969","30,9362698154691","0,069466266917238","2,45193800900431","1,46696966567138"
347,61,95,5,43,50,50,"95,2",1,"5,134","2,187","36,01","15,16","61,4","0,38165324094826","30,9362698154691","0,083184646790242","2,26583318009071","1,47885090526395"
348,61,96,4,43,50,50,96,1,"4,51","2,217","37,55","12,26","63,88","0,39008825427683","30,9362698154691","0,09678686397689","2,12367605815953","1,48895936814945"
349,71,93,7,43,50,50,"94,3",1,"6,261","2,177","31,85","19,45",59,"0,37283365335712","22,2945827376124","0,066634859943558","2,5021990328509","1,47546602807384"
350,71,94,6,43,50,50,"95,1",1,"5,404","2,217","33,64","17,15","61,4","0,38126866668569","22,2945827376124","0,07894885973747","2,32465051136725","1,48895936814945"
351,71,95,5,43,50,50,96,1,"4,993","2,22","32,58","15,25","62,48","0,38970368001426","22,2945827376124","0,087337956726609","2,23450218169506","1,48996644257513"
352,71,96,4,43,50,50,"96,8",1,"4,297","2,242","37,05","12,11","64,9","0,39813869334283","22,2945827376124","0,103680986234728","2,0729206448873","1,49733095873958"
353,81,93,7,43,50,50,"95,2",1,"5,623","2,244","32,17","19,13","61,5","0,38205133282312","15,6468015943021","0,076029777952885","2,37128657061942","1,49799866488592"
354,81,94,6,43,50,50,96,1,"4,885","2,299","30,89","17,6","63,9","0,39048634615169","15,6468015943021","0,08944815175921","2,21020361053003","1,51624536272992"
355,81,95,5,43,50,50,"96,9",1,"4,538","2,295","31,78","15,41","65,08","0,39892135948026","15,6468015943021","0,098367783441695","2,13025820031282","1,51492574075431"
356,81,96,4,43,50,50,"97,7",1,"4,007","2,328","32,83","12,73","67,59","0,40735637280883","15,6468015943021","0,113758867275538","2,00174923504419","1,52577848982085"
357,91,93,7,43,50,50,"96,2",1,"5,116","2,334","29,88","18,8","64,2","0,39243625268912","10,5328702830664","0,085835841821565","2,26185764361951","1,52774343395742"
358,91,94,6,43,50,50,"97,1",1,"4,469","2,387","31,65","16,12","66,7","0,40087126601769","10,5328702830664","0,100374792274289","2,11400094607358","1,54499190936393"
359,91,95,5,43,50,50,"97,9",1,"4,176","2,398","32,05","14,25","67,9","0,40930627934626","10,5328702830664","0,109677616520226","2,04352636391117","1,54854770672395"
360,91,96,4,43,50,50,"98,8",1,"3,709","2,431","33,39","11,94","70,5","0,41774129267483","10,5328702830664","0,126031951065822","1,92587642386525","1,55916644396934"
361,1,93,7,44,50,50,"89,4",1,"11,73","1,908","33,15","21,79","49,6","0,33382997100689","174,20989644446","0,031846183934928","3,42490875790874","1,38130373198656"
362,1,94,6,44,50,50,"90,2",1,"9,023","1,94","35,3","19,49","51,7","0,34226498433546","174,20989644446","0,042446472068201","3,00383088738364","1,39283882771841"
363,1,95,5,44,50,50,"91,1",1,"7,449","1,98","36,6","16,66","53,9","0,35069999766403","174,20989644446","0,052682681888314","2,72928562081729","1,40712472794703"
364,1,96,4,44,50,50,"91,9",1,"6,667","1,971","39,86","13,51","54,7","0,3591350109926","174,20989644446","0,060277797705223","2,5820534463872","1,40392307481571"
365,11,93,7,44,50,50,"89,6",1,"10,81","1,915","34,16","21,38","49,8","0,33559684595489","132,510528403874","0,034739395987375","3,28785644455472","1,3838352503098"
366,11,94,6,44,50,50,"90,4",1,"9,007","1,94","34,16","19,2","51,9","0,34403185928346","132,510528403874","0,042741384538491","3,00116643990299","1,39283882771841"
367,11,95,5,44,50,50,"91,2",1,"7,496","1,974","35,41","17,08","54,09","0,35246687261203","132,510528403874","0,052616119324021","2,73788239338362","1,40499110317468"
368,11,96,4,44,50,50,"92,1",1,"6,13","2,004","39,83","13,2","56,3","0,3609018859406","132,510528403874","0,065880784725535","2,47588368062799","1,41562706953491"
369,21,93,7,44,50,50,"89,9",1,"10,78","1,924","34,36","21,65","50,1","0,33853096130289","100,432501272057","0,035140644313352","3,2832910318764","1,38708327075198"
370,21,94,6,44,50,50,"90,7",1,"8,834","1,956","36,46","18,34","52,2","0,34696597463146","100,432501272057","0,043950070818724","2,97220456900261","1,39857069896377"
371,21,95,5,44,50,50,"91,5",1,"7,302","1,99","36,36","16,33","54,4","0,35540098796003","100,432501272057","0,054463668245313","2,70222130847938","1,41067359796659"
372,21,96,4,44,50,50,"92,4",1,"6,049","2,018","37,91","13,72","56,6","0,3638360012886","100,432501272057","0,06730575061034","2,45947148794207","1,42056326856638"
373,31,93,7,44,50,50,"90,3",1,"9,582","1,969","32,75","21,85","51,78","0,34263231705089","75,7558725119257","0,040013104026294","3,09548057658258","1,40321060429288"
374,31,94,6,44,50,50,"91,1",1,"7,975",2,"34,66","18,82","53,9","0,35106733037946","75,7558725119257","0,049259478707789","2,82400424928859","1,4142135623731"
375,31,95,5,44,50,50,92,1,"7,047","2,001","34,03","16,85","54,8","0,35950234370803","75,7558725119257","0,057085727630096","2,65461861667547","1,41456707158056"
376,31,96,4,44,50,50,"92,8",1,"5,887","2,03","38,76","13,32","57,01","0,3679373570366","75,7558725119257","0,06993747282554","2,42631407694882","1,4247806848775"
377,41,93,7,44,50,50,"90,8",1,"9,068","1,99","33,13","21,16","52,3","0,34790091319889","56,7729093620084","0,042931310307627","3,01131200641846","1,41067359796659"
378,41,94,6,44,50,50,"91,6",1,"7,472","2,013","36,36","18,27","54,5","0,35633592652746","56,7729093620084","0,053364547883328","2,73349593012318","1,41880231181092"
379,41,95,5,44,50,50,"92,5",1,"6,312","2,058","34,53","16,25","56,7","0,36477093985603","56,7729093620084","0,064667091523907","2,51236939959075","1,43457310723434"
380,41,96,4,44,50,50,"93,3",1,"5,399","2,075","36,89","13,26",59,"0,3732059531846","56,7729093620084","0,077350891204588","2,32357483202069","1,44048602908879"
381,51,93,7,44,50,50,"91,4",1,"8,074","2,032","34,17","20,53","54,3","0,35433674974689","42,1699061133102","0,049108598336236","2,84147848839297","1,42548237449644"
382,51,94,6,44,50,50,"92,3",1,"6,699","2,073","32,65","19,03","56,5","0,36277176307546","42,1699061133102","0,060597343317128","2,58824264704838","1,43979165159408"
383,51,95,5,44,50,50,"93,1",1,"5,722","2,115","36,79","15,74","58,8","0,37120677640403","42,1699061133102","0,072593565675657","2,39207023308263","1,4543039572249"
384,51,96,4,44,50,50,94,1,"5,259","2,1","35,31","13,44","59,77","0,3796417897326","42,1699061133102","0,08077945668583","2,29325096751315","1,44913767461894"
385,61,93,7,44,50,50,"92,2",1,"7,212","2,093","32,41","20,15","56,41","0,36193982669489","30,9362698154691","0,056157884923958","2,68551671005786","1,44672042910854"
386,61,94,6,44,50,50,93,1,"6,018","2,137","33,83","17,7","58,7","0,37037484002346","30,9362698154691","0,068868302756107","2,45316122584717","1,46184814532837"
387,61,95,5,44,50,50,"93,9",1,"5,569","2,135","33,36","15,71","59,7","0,37880985335203","30,9362698154691","0,076115680714836","2,3598728779322","1,46116391962025"
388,61,96,4,44,50,50,"94,7",1,"4,853","2,162","35,56","12,85","62,08","0,3872448666806","30,9362698154691","0,089290543131175","2,20295256417382","1,47037410205702"
389,71,93,7,44,50,50,"93,1",1,"6,313","2,163","31,08","19,92","58,78","0,37071014404289","22,2945827376124","0,065709591507048","2,51256840702895","1,47071411225976"
390,71,94,6,44,50,50,"93,9",1,"5,762","2,163","31,28","18,59","59,8","0,37914515737146","22,2945827376124","0,073631279260442","2,40041663050396","1,47071411225976"
391,71,95,5,44,50,50,"94,8",1,"5,033","2,21","34,78","14,94","62,2","0,38758017070003","22,2945827376124","0,08617170892377","2,24343486644921","1,48660687473185"
392,71,96,4,44,50,50,"95,6",1,"4,397","2,243","34,26","13,04","64,61","0,3960151840286","22,2945827376124","0,100782576967933","2,09690247746527","1,49766484902331"
393,81,93,7,44,50,50,"94,1",1,"5,736","2,249","30,39","19,22","61,29","0,38064770179089","15,6468015943021","0,07425815521339","2,39499478078763","1,4996666296214"
394,81,94,6,44,50,50,"94,9",1,"5,222","2,247","31,92","17,15","62,4","0,38908271511946","15,6468015943021","0,083374867525599","2,28516957795259","1,49899966644426"
395,81,95,5,44,50,50,"95,8",1,"4,579","2,285","30,72","15,14","64,85","0,39751772844803","15,6468015943021","0,097143991730366","2,13985980849214","1,5116216457831"
396,81,96,4,44,50,50,"96,6",1,"4,05","2,326","35,07","11,94","67,39","0,4059527417766","15,6468015943021","0,112163239024201","2,01246117974981","1,52512294586371"
397,91,93,7,44,50,50,"95,2",1,"5,145","2,343","29,26","19,5","64,1","0,39175249993889","10,5328702830664","0,085203313397788","2,26825924444275","1,53068612066615"
398,91,94,6,44,50,50,96,1,"4,495","2,374","31,11","15,92","66,6","0,40018751326746","10,5328702830664","0,09962398828616","2,12014150471142","1,54077902374091"
399,91,95,5,44,50,50,"96,9",1,"4,187","2,399","34,29","14,08","67,8","0,40862252659603","10,5328702830664","0,10920673686672","2,04621601987669","1,54887055624413"
400,91,96,4,44,50,50,"97,7",1,"3,707","2,435","32,53","12,21","70,4","0,4170575399246","10,5328702830664","0,125893549278562","1,92535710973315","1,56044865343272"
401,1,93,7,41,50,50,"94,5",1,"7,874","2,037","33,38","20,63","54,4","0,35531794287158","174,20989644446","0,050495399806109","2,8060648602625","1,42723508925475"
402,1,94,6,41,50,50,"95,4",1,"6,689","2,076","32,5","18,58","56,64","0,36375295620015","174,20989644446","0,060852079232765","2,58631011288283","1,44083309234623"
403,1,95,5,41,50,50,"96,2",1,"5,682","2,107","35,5","15,63","58,93","0,37218796952872","174,20989644446","0,073297841939922","2,38369461131245","1,45155089473294"
404,1,96,4,41,50,50,"97,1",1,"4,984","2,146","36,03","12,44","61,3","0,38062298285729","174,20989644446","0,085456885597373","2,23248740198013","1,4649232061784"
405,11,93,7,41,50,50,"94,5",1,"7,943","2,041","33,12","20,77","54,4","0,35492518297358","132,510528403874","0,050001420086546","2,81833284052824","1,42863571283935"
406,11,94,6,41,50,50,"95,3",1,"6,767","2,074","33,08","18,81","56,6","0,36336019630215","132,510528403874","0,060085718880169","2,60134580553989","1,44013888219158"
407,11,95,5,41,50,50,"96,2",1,"5,745","2,112","35,02","15,6","58,9","0,37179520963072","132,510528403874","0,072417552580814","2,39687296284138","1,4532721699668"
408,11,96,4,41,50,50,97,1,"4,949","2,141","36,88","13,04","61,25","0,38023022295929","132,510528403874","0,085972442815002","2,2246348014899","1,46321563687653"
409,21,93,7,41,50,50,"94,6",1,"7,951","2,042","32,92","20,6","54,5","0,35569966347558","100,432501272057","0,050060108593784","2,81975176212375","1,4289856542317"
410,21,94,6,41,50,50,"95,4",1,"6,722","2,079","33,29","18,62","56,7","0,36413467680415","100,432501272057","0,060616885353146","2,59268200904006","1,44187378088375"
411,21,95,5,41,50,50,"96,3",1,"5,619","2,107","34,8","15,55",59,"0,37256969013272","100,432501272057","0,074195672407637","2,37044299657258","1,45155089473294"
412,21,96,4,41,50,50,"97,1",1,"4,913","2,145","38,73","12,27","61,32","0,38100470346129","100,432501272057","0,086778803821124","2,2165288177689","1,46458185158768"
413,31,93,7,41,50,50,"94,8",1,"7,904","2,051","33,09","20,38","54,7","0,35764138437758","75,7558725119257","0,050632680809528","2,81140534252889","1,43213127889869"
414,31,94,6,41,50,50,"95,6",1,"6,676","2,087","31,23","19,4","56,9","0,36607639770615","75,7558725119257","0,061360019327918","2,58379565755499","1,44464528518249"
415,31,95,5,41,50,50,"96,5",1,"5,644","2,123","34,67","15,64","59,2","0,37451141103472","75,7558725119257","0,074251996624354","2,37571042006386","1,45705181788432"
416,31,96,4,41,50,50,"97,3",1,"4,852","2,154","38,52","12,56","61,6","0,38294642436329","75,7558725119257","0,088317611059877","2,20272558436134","1,46765118471659"
417,41,93,7,41,50,50,"95,1",1,"7,201","2,099","32,75","20,37","56,3","0,36075034567958","56,7729093620084","0,056058830275719","2,68346790552822","1,44879260075416"
418,41,94,6,41,50,50,"95,9",1,"6,482","2,096","32,81","18,78","57,3","0,36918535900815","56,7729093620084","0,063733171356082","2,5459772190654","1,44775688566831"
419,41,95,5,41,50,50,"96,8",1,"5,574","2,133","35,76","15,21","59,6","0,37762037233672","56,7729093620084","0,075808610808179","2,36093201935168","1,46047937335657"
420,41,96,4,41,50,50,"97,6",1,"4,789","2,162","34,77","13,33","61,99","0,38605538566529","56,7729093620084","0,090205883599804","2,18837839506791","1,47037410205702"
421,51,93,7,41,50,50,"95,5",1,"6,931","2,109","32,45","20,27","56,81","0,36502654738158","42,1699061133102","0,058933012050208","2,63267924366034","1,45223964964464"
422,51,94,6,41,50,50,"96,3",1,"6,002","2,153","32,62","17,23","59,1","0,37346156071015","42,1699061133102","0,06962737194846","2,44989795705862","1,46731046476197"
423,51,95,5,41,50,50,"97,2",1,"5,192","2,185","31,72","15,6","61,48","0,38189657403872","42,1699061133102","0,082307832501797","2,27859605898018","1,47817454990945"
424,51,96,4,41,50,50,98,1,"4,512","2,226","37,75","12,29","63,9","0,39033158736729","42,1699061133102","0,096804309898936","2,12414688757628","1,49197855212466"
425,61,93,7,41,50,50,96,1,"6,333","2,166","32,98","19,27","58,71","0,37046998948358","30,9362698154691","0,06545964285996","2,5165452509343","1,47173367155882"
426,61,94,6,41,50,50,"96,9",1,"5,804","2,176","33,3","17,11","59,8","0,37890500281215","30,9362698154691","0,073052153367815","2,40914922742449","1,47512711316686"
427,61,95,5,41,50,50,"97,7",1,"5,01","2,216","35,24","14,79","62,19","0,38734001614072","30,9362698154691","0,086513668275742","2,23830292855994","1,48862352527427"
428,61,96,4,41,50,50,"98,6",1,"4,425","2,249","34,14","12,72","64,6","0,39577502946929","30,9362698154691","0,100084126096302","2,10356839679626","1,4996666296214"
429,71,93,7,41,50,50,"96,7",1,"6,137","2,194","31,3","19,38","59,6","0,37708067198558","22,2945827376124","0,068755625216207","2,47729691397701","1,48121571690284"
430,71,94,6,41,50,50,"97,6",1,"5,302","2,235","32,98","17,54","61,99","0,38551568531415","22,2945827376124","0,081364023362228","2,30260721791625","1,49499163877261"
431,71,95,5,41,50,50,"98,4",1,"4,594","2,274","33,23","15,17","64,4","0,39395069864272","22,2945827376124","0,095957952063823","2,14336184532617","1,50797877969154"
432,71,96,4,41,50,50,"99,2",1,"4,117","2,312","35,03","12,34","66,9","0,40238571197129","22,2945827376124","0,109368377871235","2,02903918148467","1,52052622469986"
433,81,93,7,41,50,50,"97,5",1,"5,571","2,266","30,14","19,18","61,9","0,38485859488758","15,6468015943021","0,077303314966649","2,36029659153251","1,5053238854147"
434,81,94,6,41,50,50,"98,3",1,"4,832","2,311","30,01","17,45","64,3","0,39329360821615","15,6468015943021","0,09107937657158","2,19818106624545","1,5201973556088"
435,81,95,5,41,50,50,"99,2",1,"4,263","2,345","33,84","14,13","66,8","0,40172862154472","15,6468015943021","0,10545022930062","2,06470336852537","1,53133928311136"
436,81,96,4,41,50,50,100,1,"3,819","2,414","36,21","11,53","69,4","0,41016363487329","15,6468015943021","0,120181489244098","1,95422618956967","1,55370524875216"
437,91,93,7,41,50,50,"98,4",1,"5,089","2,351","30,57","18,82","64,4","0,39380375818958","10,5328702830664","0,08659194447124","2,25588120254591","1,53329710102119"
438,91,94,6,41,50,50,"99,2",1,"4,459","2,386","32,07","15,91","66,9","0,40223877151815","10,5328702830664","0,100943078118145","2,11163443805977","1,54466824917197"
439,91,95,5,41,50,50,100,1,"3,973","2,448","31,57","13,83","69,48","0,41067378484672","10,5328702830664","0,115666741818142","1,99323857076869","1,56460857724864"
440,91,96,4,41,50,50,101,1,"3,71","2,45","34,86","11,238","70,73","0,41910879817529","10,5328702830664","0,126410443438854","1,92613602842582","1,56524758424985"
