Gap,AM,CBD,porous,x,y,z,res,tliq,tsol,CC/AM,CC/CBD,Active_Surface,porocal,pressure,sigma,tliq_racine,tsol_racine
1.0,93.0,7.0,40.0,50.0,50.0,96.2,1.0,6.982000000000001,2.095,32.28,20.13,56.5,0.36248060015981,174.20989644446,0.058094498937099,2.64234744119694,1.44741148261301
1.0,94.0,6.0,40.0,50.0,50.0,97.1,1.0,6.014,2.143,31.340000000000003,18.67,58.8,0.37091561348838,174.20989644446,0.069014727551297,2.45234581574459,1.46389890361322
1.0,95.0,5.0,40.0,50.0,50.0,97.9,1.0,5.529,2.154000000000001,34.21,15.770000000000001,59.8,0.37935062681695,174.20989644446,0.076775791537017,2.35138257202013,1.46765118471659
1.0,96.0,4.0,40.0,50.0,50.0,98.8,1.0,4.808,2.168,36.18,12.629999999999999,62.2,0.38778564014552,174.20989644446,0.090252107180291,2.19271521178652,1.47241298554448
11.0,93.0,7.0,40.0,50.0,50.0,96.1,1.0,7.066000000000001,2.096,34.1,20.02,56.389999999999986,0.36136796197981,132.510528403874,0.057227674703568,2.6581948762271,1.44775688566831
11.0,94.0,6.0,40.0,50.0,50.0,97.0,1.0,6.516,2.103,33.87,17.990000000000002,57.39999999999999,0.36980297530838,132.510528403874,0.063506680382148,2.55264568634192,1.4501724035438
11.0,95.0,5.0,40.0,50.0,50.0,97.8,1.0,5.557,2.146,37.55,14.920000000000002,59.7,0.37823798863695,132.510528403874,0.076164892799127,2.35732899697942,1.4649232061784
11.0,96.0,4.0,40.0,50.0,50.0,98.7,1.0,4.788,2.165,35.239999999999995,12.49,62.06,0.38667300196552,132.510528403874,0.090369066248834,2.18814990345726,1.47139389695622
21.0,93.0,7.0,40.0,50.0,50.0,96.1,1.0,7.158999999999999,2.094,30.57,20.7,56.39999999999999,0.36142256419981,100.432501272057,0.056492785212961,2.67563076675389,1.44706599711278
21.0,94.0,6.0,40.0,50.0,50.0,97.0,1.0,6.417999999999999,2.0970000000000004,31.669999999999998,18.58,57.39999999999999,0.36985757752838,100.432501272057,0.064485919173303,2.53337719260279,1.44810220633766
21.0,95.0,5.0,40.0,50.0,50.0,97.8,1.0,5.503,2.132,33.67999999999999,15.819999999999999,59.7,0.37829259085695,100.432501272057,0.076923388909491,2.34584739486609,1.46013697987552
21.0,96.0,4.0,40.0,50.0,50.0,98.7,1.0,4.795,2.1670000000000003,36.8,12.760000000000002,62.080000000000005,0.38672760418552,100.432501272057,0.090249883020563,2.18974884404582,1.47207336773681
31.0,93.0,7.0,40.0,50.0,50.0,96.3,1.0,7.048,2.104,32.519999999999996,19.91,56.5,0.36264440681981,75.7558725119257,0.057576488540205,2.65480696096722,1.4505171491575
31.0,94.0,6.0,40.0,50.0,50.0,97.1,1.0,6.042,2.141,34.53,17.699999999999996,58.8,0.37107942014838,75.7558725119257,0.068725235211195,2.45804800604057,1.46321563687653
31.0,95.0,5.0,40.0,50.0,50.0,98.0,1.0,5.47,2.1470000000000002,35.03000000000001,15.770000000000001,59.86999999999999,0.37951443347695,75.7558725119257,0.077637413356619,2.3388031127053,1.46526448124562
31.0,96.0,4.0,40.0,50.0,50.0,98.8,1.0,4.7989999999999995,2.164,36.989999999999995,12.8,62.2,0.38794944680552,75.7558725119257,0.090459560528314,2.19066200040079,1.47105404387466
41.0,93.0,7.0,40.0,50.0,50.0,96.5,1.0,6.869,2.105,30.330000000000002,20.71,56.81,0.36503348983981,56.7729093620084,0.059466075867047,2.62087771557545,1.45086181285469
41.0,94.0,6.0,40.0,50.0,50.0,97.3,1.0,5.861999999999999,2.152,32.290000000000006,17.7,59.10000000000001,0.37346850316838,56.7729093620084,0.071291582232245,2.42115674833332,1.46696966567138
41.0,95.0,5.0,40.0,50.0,50.0,98.2,1.0,5.162000000000001,2.184,34.32000000000001,15.460000000000003,61.48,0.38190351649695,56.7729093620084,0.082787685966697,2.27200352112403,1.47783625615289
41.0,96.0,4.0,40.0,50.0,50.0,99.0,1.0,4.49,2.229,36.589999999999996,12.239999999999998,63.89999999999999,0.39033852982552,56.7729093620084,0.097280359660302,2.11896201004171,1.49298358999689
51.0,93.0,7.0,40.0,50.0,50.0,96.9,1.0,6.829000000000001,2.1249999999999996,30.24,20.729999999999997,57.3,0.36858981325981,42.1699061133102,0.060397130039205,2.61323554238802,1.45773797371133
51.0,94.0,6.0,40.0,50.0,50.0,97.7,1.0,5.8420000000000005,2.1590000000000003,34.480000000000004,17.4,59.60000000000001,0.37702482658838,42.1699061133102,0.072216840286271,2.41702296224095,1.46935359937627
51.0,95.0,5.0,40.0,50.0,50.0,98.5,1.0,5.021,2.213,33.510000000000005,14.690000000000001,61.89999999999999,0.38545983991695,42.1699061133102,0.085905110708438,2.24075880004966,1.48761554173113
51.0,96.0,4.0,40.0,50.0,50.0,99.4,1.0,4.427000000000001,2.2280000000000006,35.07,12.84,64.36999999999998,0.39389485324552,42.1699061133102,0.099563664057316,2.10404372578138,1.49264865256362
61.0,93.0,7.0,40.0,50.0,50.0,97.3,1.0,6.1690000000000005,2.1730000000000005,30.3,19.709999999999997,59.10000000000001,0.37331337707981,30.9362698154691,0.067715621486839,2.48374716909753,1.47410990092327
61.0,94.0,6.0,40.0,50.0,50.0,98.2,1.0,5.394,2.221,33.75,17.21,61.470000000000006,0.38174839040838,30.9362698154691,0.079194743950126,2.32249865446678,1.49030198282093
61.0,95.0,5.0,40.0,50.0,50.0,99.0,1.0,4.760999999999999,2.246,32.76,15.26,63.879999999999995,0.39018340373695,30.9362698154691,0.091706622302383,2.18197158551618,1.49866607354674
61.0,96.0,4.0,40.0,50.0,50.0,99.9,1.0,4.372999999999999,2.2569999999999997,34.989999999999995,12.57,65.0,0.39861841706552,30.9362698154691,0.102001831396368,2.09117192023994,1.50233152133609
71.0,93.0,7.0,40.0,50.0,50.0,97.9,1.0,5.961999999999999,2.2060000000000004,31.03,19.84,59.89999999999999,0.37920418129981,22.2945827376124,0.071172337952782,2.44172070474901,1.48526091983867
71.0,94.0,6.0,40.0,50.0,50.0,98.8,1.0,5.261,2.254,32.14,17.230000000000004,62.29,0.38763919462838,22.2945827376124,0.082449773577107,2.29368698823532,1.50133274126691
71.0,95.0,5.0,40.0,50.0,50.0,99.6,1.0,4.6,2.279,33.75,14.64,64.70000000000002,0.39607420795695,22.2945827376124,0.096349356239963,2.14476105895272,1.50963571764847
71.0,96.0,4.0,40.0,50.0,50.0,100.0,1.0,4.091000000000001,2.3270000000000004,32.67,12.620000000000001,67.20000000000002,0.40450922128552,22.2945827376124,0.110644296900146,2.02262206059362,1.52545075305629
81.0,93.0,7.0,40.0,50.0,50.0,98.6,1.0,5.473,2.2689999999999997,31.689999999999998,18.689999999999998,62.10000000000001,0.38626222591981,15.6468015943021,0.078974498593873,2.33944437847964,1.50632001911944
81.0,94.0,6.0,40.0,50.0,50.0,99.5,1.0,4.851,2.3140000000000005,31.929999999999996,16.160000000000004,64.5,0.39469723924838,15.6468015943021,0.091046425627487,2.20249858115732,1.52118374958451
81.0,95.0,5.0,40.0,50.0,50.0,100.0,1.0,4.276,2.362,31.240000000000002,14.290000000000001,67.01,0.40313225257695,15.6468015943021,0.105496957585034,2.06784912409005,1.53687995627505
81.0,96.0,4.0,40.0,50.0,50.0,101.0,1.0,3.821,2.395,34.529999999999994,12.349999999999998,69.60000000000001,0.41156726590552,15.6468015943021,0.120529644215723,1.95473783408415,1.54757875405422
91.0,93.0,7.0,40.0,50.0,50.0,99.4,1.0,5.013,2.3529999999999998,29.3,19.150000000000002,64.5,0.39448751093981,10.5328702830664,0.088057355823189,2.23897297884543,1.53394915169963
91.0,94.0,6.0,40.0,50.0,50.0,100.0,1.0,4.462999999999999,2.3950000000000005,33.230000000000004,15.77,67.0,0.40292252426838,10.5328702830664,0.101024043167447,2.11258135938004,1.54757875405422
91.0,95.0,5.0,40.0,50.0,50.0,101.0,1.0,3.9900000000000007,2.4720000000000004,33.01,13.830000000000002,69.60000000000001,0.41135753759695,10.5328702830664,0.115365685356137,1.99749843554382,1.57225952056268
91.0,96.0,4.0,40.0,50.0,50.0,102.0,1.0,3.7090000000000005,2.4490000000000003,32.89,11.995999999999999,70.85999999999999,0.41979255092552,10.5328702830664,0.126650812748896,1.92587642386525,1.56492811336496
1.0,93.0,7.0,45.0,50.0,50.0,87.7,1.0,13.430000000000001,1.858,34.989999999999995,21.830000000000002,47.660000000000004,0.32666731371866,174.20989644446,0.02721822219294,3.66469644036174,1.3630847369111
1.0,93.0,7.0,46.0,50.0,50.0,86.0,1.0,16.87,1.812,33.84000000000001,23.34,45.699999999999996,0.31950465643043,174.20989644446,0.02119298817698,4.10731055558257,1.34610549363711
1.0,93.0,7.0,47.0,50.0,50.0,84.2,1.0,18.26,1.8010000000000002,36.17999999999999,22.12,45.10000000000001,0.3123419991422,174.20989644446,0.019140782970434,4.2731721238443,1.34201341274966
1.0,93.0,7.0,48.0,50.0,50.0,82.5,1.0,25.29,1.7570000000000001,34.129999999999995,24.29,43.199999999999996,0.30517934185397,174.20989644446,0.013503190333515,5.02891638427206,1.32551876637036
1.0,93.0,7.0,49.0,50.0,50.0,80.8,1.0,36.309999999999995,1.7129999999999999,34.91,24.73,41.39999999999999,0.29801668456574,174.20989644446,0.009184265216994,6.02577795807313,1.30881625906771
1.0,93.0,7.0,50.0,50.0,50.0,79.1,1.0,39.75,1.7019999999999995,39.22,23.389999999999997,40.89999999999999,0.29085402727751,174.20989644446,0.008187815258454,6.30476010645925,1.30460722058403
1.0,94.0,6.0,45.0,50.0,50.0,88.5,1.0,10.668000000000003,1.8890000000000005,33.11999999999999,20.85,49.699999999999996,0.33510232704723,174.20989644446,0.035149934754954,3.26619044147766,1.37440896388229
1.0,94.0,6.0,46.0,50.0,50.0,86.8,1.0,12.959999999999997,1.842,35.099999999999994,20.54,47.699999999999996,0.327939669759,174.20989644446,0.028315161300951,3.6,1.35720300618588
1.0,94.0,6.0,47.0,50.0,50.0,85.1,1.0,13.66,1.8270000000000004,37.559999999999995,20.07,47.10000000000001,0.32077701247077,174.20989644446,0.026277414125534,3.69594372251527,1.35166563912826
1.0,94.0,6.0,48.0,50.0,50.0,83.4,1.0,16.720000000000002,1.777,35.13,21.779999999999998,45.199999999999996,0.31361435518254,174.20989644446,0.020988903316344,4.08900966005217,1.33304163475865
1.0,94.0,6.0,49.0,50.0,50.0,81.6,1.0,21.93,1.736,37.3,21.169999999999998,43.300000000000004,0.30645169789431,174.20989644446,0.01563700182142,4.68294778958724,1.31757352736005
1.0,94.0,6.0,50.0,50.0,50.0,79.9,1.0,30.68999999999999,1.6989999999999998,39.339999999999996,21.270000000000003,41.39999999999999,0.29928904060608,174.20989644446,0.010912493855921,5.53985559378582,1.30345694213503
1.0,95.0,5.0,45.0,50.0,50.0,89.4,1.0,8.610000000000001,1.9169999999999998,34.61,17.64,51.8,0.3435373403758,174.20989644446,0.044647884306681,2.93428015022424,1.38455769110572
1.0,95.0,5.0,46.0,50.0,50.0,87.6,1.0,9.812999999999999,1.8679999999999999,37.239999999999995,17.650000000000002,49.800000000000004,0.33637468308757,174.20989644446,0.038357614427289,3.13257082920722,1.36674796506159
1.0,95.0,5.0,47.0,50.0,50.0,85.9,1.0,11.78,1.8189999999999997,38.72,17.199999999999996,47.800000000000004,0.32921202579934,174.20989644446,0.031272347781788,3.4322004603461,1.3487030807409
1.0,95.0,5.0,48.0,50.0,50.0,84.2,1.0,12.16,1.807,38.93,17.71,47.199999999999996,0.32204936851111,174.20989644446,0.029635957513481,3.48711915483254,1.34424700111252
1.0,95.0,5.0,49.0,50.0,50.0,82.5,1.0,15.13,1.7619999999999998,40.42,18.119999999999997,45.27,0.31488671122288,174.20989644446,0.023288713143318,3.88973006775534,1.32740348048361
1.0,95.0,5.0,50.0,50.0,50.0,80.8,1.0,19.43,1.721,38.809999999999995,18.65,43.300000000000004,0.30772405393465,174.20989644446,0.017722244794281,4.40794736810684,1.31186889588861
1.0,96.0,4.0,45.0,50.0,50.0,90.2,1.0,6.982000000000001,1.9419999999999997,39.07000000000001,13.700000000000003,54.0,0.35197235370437,174.20989644446,0.056410350013634,2.64234744119694,1.39355660093159
1.0,96.0,4.0,46.0,50.0,50.0,88.5,1.0,7.886,1.8960000000000001,39.27,14.12,51.89999999999999,0.34480969641614,174.20989644446,0.048927472773226,2.80820227191704,1.37695315824468
1.0,96.0,4.0,47.0,50.0,50.0,86.8,1.0,9.001999999999999,1.846,39.17999999999999,14.820000000000002,49.800000000000004,0.33764703912791,174.20989644446,0.041971454874931,3.00033331481687,1.3586758259423
1.0,96.0,4.0,48.0,50.0,50.0,85.0,1.0,9.678,1.828,40.36,14.660000000000002,49.27,0.33048438183968,174.20989644446,0.03821161637514,3.11094840844396,1.35203550249245
1.0,96.0,4.0,49.0,50.0,50.0,83.3,1.0,11.750000000000002,1.7869999999999997,41.150000000000006,14.830000000000002,47.300000000000004,0.32332172455145,174.20989644446,0.030791234874304,3.42782730020052,1.33678719323608
1.0,96.0,4.0,50.0,50.0,50.0,81.6,1.0,14.219999999999999,1.7400000000000002,40.82000000000001,15.719999999999999,45.300000000000004,0.31615906726322,174.20989644446,0.024879183985059,3.77094152699296,1.31909059582729
11.0,93.0,7.0,45.0,50.0,50.0,87.9,1.0,13.260000000000002,1.8650000000000002,32.489999999999995,23.43,47.89999999999999,0.32915406694866,132.510528403874,0.027777028726663,3.64142829120662,1.36565002837477
11.0,93.0,7.0,46.0,50.0,50.0,86.3,1.0,14.12,1.8479999999999996,34.83,22.229999999999997,47.300000000000004,0.32271128794243,132.510528403874,0.025574641020367,3.75765884561119,1.35941163743731
11.0,93.0,7.0,47.0,50.0,50.0,84.6,1.0,18.0,1.8060000000000003,33.57,23.439999999999994,45.40999999999999,0.3162685089362,132.510528403874,0.019661358972201,4.24264068711929,1.34387499418659
11.0,93.0,7.0,48.0,50.0,50.0,83.0,1.0,23.110000000000007,1.765,34.36,23.389999999999997,43.60000000000001,0.30982572992997,132.510528403874,0.015001946853814,4.80728613668877,1.32853302555864
11.0,93.0,7.0,49.0,50.0,50.0,81.3,1.0,24.709999999999997,1.752,36.129999999999995,23.21,43.10000000000001,0.30338295092374,132.510528403874,0.013738790857291,4.97091540865463,1.32363136862194
11.0,93.0,7.0,50.0,50.0,50.0,79.7,1.0,37.059999999999995,1.7109999999999999,33.22,25.580000000000002,41.300000000000004,0.29694017191751,132.510528403874,0.008965894559517,6.08769250208977,1.30805198673447
11.0,94.0,6.0,45.0,50.0,50.0,88.8,1.0,10.256,1.9,36.67,19.05,49.919999999999995,0.33758908027723,132.510528403874,0.036833285962385,3.2024990241997,1.37840487520902
11.0,94.0,6.0,46.0,50.0,50.0,87.1,1.0,10.754000000000001,1.8830000000000002,36.71,18.78,49.300000000000004,0.331146301271,132.510528403874,0.03445719835617,3.27932919969923,1.37222447143315
11.0,94.0,6.0,47.0,50.0,50.0,85.5,1.0,13.459999999999999,1.832,35.58,20.67,47.39999999999999,0.32470352226477,132.510528403874,0.026994297281893,3.66878726556883,1.35351394525509
11.0,94.0,6.0,48.0,50.0,50.0,83.8,1.0,15.55,1.791,35.269999999999996,21.79,45.580000000000005,0.31826074325854,132.510528403874,0.022902493357319,3.94334883062607,1.33828248139173
11.0,94.0,6.0,49.0,50.0,50.0,82.2,1.0,17.16,1.778,38.190000000000005,20.699999999999996,45.010000000000005,0.31181796425231,132.510528403874,0.020333584032537,4.1424630354416,1.33341666406266
11.0,94.0,6.0,50.0,50.0,50.0,80.5,1.0,21.229999999999997,1.736,36.05,22.1,43.199999999999996,0.30537518524608,132.510528403874,0.016095847022627,4.60760241340331,1.31757352736005
11.0,95.0,5.0,45.0,50.0,50.0,89.6,1.0,8.212,1.9259999999999997,37.78,16.68,52.05,0.3460240936058,132.510528403874,0.047150628439466,2.86565873753313,1.38780402074645
11.0,95.0,5.0,46.0,50.0,50.0,88.0,1.0,9.620000000000001,1.8780000000000001,38.87,17.130000000000003,50.10000000000001,0.33958131459957,132.510528403874,0.039500154993443,3.10161248385416,1.37040140105007
11.0,95.0,5.0,47.0,50.0,50.0,86.3,1.0,10.178999999999998,1.859,36.839999999999996,18.04,49.489999999999995,0.33313853559334,132.510528403874,0.036622656580111,3.1904545130749,1.3634515026212
11.0,95.0,5.0,48.0,50.0,50.0,84.7,1.0,12.190000000000001,1.8150000000000002,37.76,17.98,47.60000000000001,0.32669575658711,132.510528403874,0.029989544841754,3.49141805001922,1.34721935853075
11.0,95.0,5.0,49.0,50.0,50.0,83.0,1.0,13.1,1.8030000000000002,40.839999999999996,17.03,47.07000000000001,0.32025297758088,132.510528403874,0.027355960451374,3.61939221417077,1.34275835502893
11.0,95.0,5.0,50.0,50.0,50.0,81.4,1.0,15.91,1.765,37.65,18.86,45.18999999999999,0.31381019857465,132.510528403874,0.022071251552799,3.98873413503583,1.32853302555864
11.0,96.0,4.0,45.0,50.0,50.0,90.4,1.0,6.8069999999999995,1.9479999999999997,37.45,14.09,54.2,0.35445910693437,132.510528403874,0.058269390430375,2.609022805573,1.39570770578943
11.0,96.0,4.0,46.0,50.0,50.0,88.8,1.0,7.687,1.8969999999999998,39.18000000000001,14.27,52.2,0.34801632792814,132.510528403874,0.050660891238661,2.77254395817271,1.37731623093609
11.0,96.0,4.0,47.0,50.0,50.0,87.2,1.0,7.976000000000001,1.888,41.150000000000006,13.870000000000001,51.60000000000001,0.34157354892191,132.510528403874,0.047921364248197,2.82418129729662,1.37404512298541
11.0,96.0,4.0,48.0,50.0,50.0,85.5,1.0,9.367,1.843,40.949999999999996,14.320000000000002,49.60000000000001,0.33513076991568,132.510528403874,0.040035372214759,3.06055550513301,1.35757136092362
11.0,96.0,4.0,49.0,50.0,50.0,83.9,1.0,10.879999999999999,1.795,40.18,15.14,47.660000000000004,0.32868799090945,132.510528403874,0.033805318182691,3.29848450049413,1.33977610069743
11.0,96.0,4.0,50.0,50.0,50.0,82.2,1.0,11.73,1.781,42.29,14.309999999999999,47.199999999999996,0.32224521190322,132.510528403874,0.030741039396394,3.42490875790874,1.33454111963626
21.0,93.0,7.0,45.0,50.0,50.0,88.3,1.0,11.760000000000002,1.908,33.61,22.04,49.5,0.33280806057866,100.432501272057,0.031667705764245,3.42928563989645,1.38130373198656
21.0,93.0,7.0,46.0,50.0,50.0,86.7,1.0,13.65,1.861,33.839999999999996,22.490000000000002,47.699999999999996,0.32708515985443,100.432501272057,0.026813794423231,3.69459064038223,1.3641847382228
21.0,93.0,7.0,47.0,50.0,50.0,85.1,1.0,14.190000000000003,1.846,33.46,23.540000000000003,47.150000000000006,0.3213622591302,100.432501272057,0.025342097813016,3.76696164036747,1.3586758259423
21.0,93.0,7.0,48.0,50.0,50.0,83.6,1.0,18.02,1.8080000000000003,34.91000000000001,23.03,45.39999999999999,0.31563935840597,100.432501272057,0.019600468482591,4.24499705535823,1.34461890511773
21.0,93.0,7.0,49.0,50.0,50.0,82.0,1.0,23.14,1.766,34.809999999999995,23.73,43.60000000000001,0.30991645768174,100.432501272057,0.01498688488098,4.81040538832228,1.32890932723042
21.0,93.0,7.0,50.0,50.0,50.0,80.4,1.0,24.57,1.7550000000000001,36.79,23.46,43.15,0.30419355695751,100.432501272057,0.013853992276575,4.95681349255749,1.32476412994918
21.0,94.0,6.0,45.0,50.0,50.0,89.1,1.0,9.148000000000001,1.943,35.47,19.26,51.60000000000001,0.34124307390723,100.432501272057,0.041741473513576,3.02456608458139,1.39391534893623
21.0,94.0,6.0,46.0,50.0,50.0,87.6,1.0,10.599,1.8960000000000001,35.2,19.86,49.699999999999996,0.335520173183,100.432501272057,0.035422877044229,3.25561054181854,1.37695315824468
21.0,94.0,6.0,47.0,50.0,50.0,86.0,1.0,12.749999999999998,1.8519999999999999,37.46,19.779999999999998,47.89999999999999,0.32979727245877,100.432501272057,0.028944560618146,3.57071421427143,1.36088206689632
21.0,94.0,6.0,48.0,50.0,50.0,84.4,1.0,12.88,1.8290000000000002,36.72,20.29,47.39999999999999,0.32407437173454,100.432501272057,0.028155219097124,3.58887168898527,1.35240526470433
21.0,94.0,6.0,49.0,50.0,50.0,82.8,1.0,15.98,1.791,36.470000000000006,21.04,45.540000000000006,0.31835147101031,100.432501272057,0.022292571718432,3.99749921826134,1.33828248139173
21.0,94.0,6.0,50.0,50.0,50.0,81.3,1.0,16.6,1.777,38.26,20.45,45.10000000000001,0.31262857028608,100.432501272057,0.021074178924706,4.07430975749267,1.33304163475865
21.0,95.0,5.0,45.0,50.0,50.0,90.0,1.0,8.243,1.936,36.59,17.03,52.39999999999999,0.3496780872358,100.432501272057,0.04746934121277,2.87106252108866,1.39140217047409
21.0,95.0,5.0,46.0,50.0,50.0,88.4,1.0,8.443999999999999,1.9149999999999998,37.269999999999996,17.229999999999997,51.86999999999999,0.34395518651157,100.432501272057,0.045580986938234,2.90585615610959,1.3838352503098
21.0,95.0,5.0,47.0,50.0,50.0,86.8,1.0,9.763,1.8770000000000002,37.11,17.74,49.89999999999999,0.33823228578734,100.432501272057,0.038766969967841,3.12457997177221,1.37003649586425
21.0,95.0,5.0,48.0,50.0,50.0,85.3,1.0,10.184000000000001,1.8619999999999997,38.540000000000006,16.94,49.39999999999999,0.33250938506311,100.432501272057,0.036535546139594,3.19123800428611,1.36455120827326
21.0,95.0,5.0,49.0,50.0,50.0,83.7,1.0,12.059999999999999,1.8160000000000003,37.470000000000006,18.2,47.580000000000005,0.32678648433888,100.432501272057,0.030321233497115,3.47275107083707,1.34759044223384
21.0,95.0,5.0,50.0,50.0,50.0,82.1,1.0,12.819999999999999,1.8050000000000002,38.82,17.82,47.10000000000001,0.32106358361465,100.432501272057,0.028024192672761,3.58050275799363,1.34350288425444
21.0,96.0,4.0,45.0,50.0,50.0,90.8,1.0,6.809,1.967,38.620000000000005,13.41,54.60000000000001,0.35811310056437,100.432501272057,0.058852777137837,2.60940606268936,1.40249777183424
21.0,96.0,4.0,46.0,50.0,50.0,89.2,1.0,6.969000000000001,1.9459999999999997,38.72,14.089999999999998,54.0,0.35239019984014,100.432501272057,0.056582670917078,2.63988636119057,1.39499103939774
21.0,96.0,4.0,47.0,50.0,50.0,87.7,1.0,7.902000000000001,1.904,40.550000000000004,14.0,52.10000000000001,0.34666729911591,100.432501272057,0.049091458834561,2.81104962602939,1.37985506485283
21.0,96.0,4.0,48.0,50.0,50.0,86.1,1.0,8.183000000000002,1.8869999999999998,38.529999999999994,14.3,51.56,0.34094439839168,100.432501272057,0.046623094439728,2.86059434383836,1.3736811857196
21.0,96.0,4.0,49.0,50.0,50.0,84.5,1.0,9.351999999999999,1.841,41.879999999999995,14.01,49.60000000000001,0.33522149766745,100.432501272057,0.040110442246565,3.05810398776758,1.35683455144686
21.0,96.0,4.0,50.0,50.0,50.0,82.9,1.0,11.52,1.8,40.089999999999996,14.73,47.699999999999996,0.32949859694322,100.432501272057,0.032005983505162,3.39411254969543,1.34164078649987
31.0,93.0,7.0,45.0,50.0,50.0,88.8,1.0,10.921,1.924,32.8,22.04,50.0,0.33762929460866,75.7558725119257,0.034594559167392,3.304693631791,1.38708327075198
31.0,93.0,7.0,46.0,50.0,50.0,87.3,1.0,11.439999999999998,1.9049999999999998,33.46999999999999,22.300000000000004,49.5,0.33262627216643,75.7558725119257,0.032535734139356,3.38230690505755,1.38021737418423
31.0,93.0,7.0,47.0,50.0,50.0,85.8,1.0,13.26,1.861,33.86,23.080000000000002,47.699999999999996,0.3276232497242,75.7558725119257,0.027647844377178,3.64142829120662,1.3641847382228
31.0,93.0,7.0,48.0,50.0,50.0,84.3,1.0,14.129999999999999,1.8520000000000003,34.2,22.46,47.300000000000004,0.32262022728197,75.7558725119257,0.025549330101099,3.7589892258425,1.36088206689632
31.0,93.0,7.0,49.0,50.0,50.0,82.8,1.0,17.779999999999998,1.8040000000000003,33.3,23.310000000000002,45.5,0.31761720483974,75.7558725119257,0.019989519247226,4.2166337284616,1.34313067123047
31.0,93.0,7.0,50.0,50.0,50.0,81.3,1.0,18.950000000000003,1.799,35.63000000000001,23.21,45.10000000000001,0.31261418239751,75.7558725119257,0.01845990871255,4.35315977193578,1.34126805672841
31.0,94.0,6.0,45.0,50.0,50.0,89.6,1.0,8.605999999999998,1.953,36.12,18.94,52.10000000000001,0.34606430793723,75.7558725119257,0.044997206667646,2.93359847286571,1.39749776386225
31.0,94.0,6.0,46.0,50.0,50.0,88.1,1.0,9.218,1.939,35.550000000000004,19.32,51.60000000000001,0.341061285495,75.7558725119257,0.041402427692439,3.03611593981521,1.39247980236699
31.0,94.0,6.0,47.0,50.0,50.0,86.6,1.0,10.616000000000001,1.8990000000000002,35.120000000000005,19.78,49.800000000000004,0.33605826305277,75.7558725119257,0.035422870794654,3.25822037314851,1.3780420893427
31.0,94.0,6.0,48.0,50.0,50.0,85.1,1.0,10.98,1.879,35.69,19.91,49.300000000000004,0.33105524061054,75.7558725119257,0.033738689821785,3.31360830515618,1.37076620909621
31.0,94.0,6.0,49.0,50.0,50.0,83.6,1.0,12.99,1.8359999999999999,36.519999999999996,20.280000000000005,47.5,0.32605221816831,75.7558725119257,0.028087177223275,3.60416425818802,1.35499077487635
31.0,94.0,6.0,50.0,50.0,50.0,82.1,1.0,13.14,1.825,39.53,19.490000000000002,47.10000000000001,0.32104919572608,75.7558725119257,0.027340490868911,3.62491379207837,1.35092560861063
31.0,95.0,5.0,45.0,50.0,50.0,90.4,1.0,7.342999999999999,1.984,34.57,17.160000000000004,54.28000000000001,0.3544993212658,75.7558725119257,0.054022162671446,2.70979704037037,1.40854534893272
31.0,95.0,5.0,46.0,50.0,50.0,88.9,1.0,8.067,1.934,34.25,17.690000000000005,52.39999999999999,0.34949629882357,75.7558725119257,0.04847977666835,2.84024646817842,1.3906832852954
31.0,95.0,5.0,47.0,50.0,50.0,87.4,1.0,8.501000000000001,1.922,36.18,17.5,51.89999999999999,0.34449327638134,75.7558725119257,0.045346191773994,2.91564744096401,1.38636214604987
31.0,95.0,5.0,48.0,50.0,50.0,85.9,1.0,9.677000000000001,1.8720000000000003,36.089999999999996,17.569999999999997,50.0,0.33949025393911,75.7558725119257,0.039256959197878,3.11078768160092,1.36821051011897
31.0,95.0,5.0,49.0,50.0,50.0,84.4,1.0,9.966000000000003,1.863,38.29,16.96,49.60000000000001,0.33448723149688,75.7558725119257,0.03755681437337,3.15689721087019,1.36491757992928
31.0,95.0,5.0,50.0,50.0,50.0,82.9,1.0,11.7,1.8219999999999998,38.82000000000001,17.589999999999996,47.75,0.32948420905465,75.7558725119257,0.031512207686509,3.42052627529741,1.34981480211176
31.0,96.0,4.0,45.0,50.0,50.0,91.3,1.0,6.0809999999999995,2.017,37.98,13.66,56.5,0.36293433459437,75.7558725119257,0.066785647165121,2.46596836962683,1.42021125189177
31.0,96.0,4.0,46.0,50.0,50.0,89.8,1.0,6.612,1.9599999999999997,39.5,13.179999999999998,54.56000000000002,0.35793131215214,75.7558725119257,0.060575489760775,2.57138095194003,1.4
31.0,96.0,4.0,47.0,50.0,50.0,88.3,1.0,6.772,1.9440000000000002,39.839999999999996,13.719999999999999,54.10000000000001,0.35292828970991,75.7558725119257,0.05831759542017,2.60230666909187,1.39427400463467
31.0,96.0,4.0,48.0,50.0,50.0,86.8,1.0,7.725999999999999,1.8979999999999997,37.790000000000006,14.88,52.160000000000004,0.34792526726768,75.7558725119257,0.050391971792976,2.77956831180671,1.37767920794356
31.0,96.0,4.0,49.0,50.0,50.0,85.3,1.0,7.978,1.893,38.81,14.55,51.7,0.34292224482545,75.7558725119257,0.048098519924753,2.82453536001941,1.37586336530922
31.0,96.0,4.0,50.0,50.0,50.0,83.8,1.0,9.169,1.8419999999999999,40.46999999999999,14.140000000000004,49.800000000000004,0.33791922238322,75.7558725119257,0.041240223562747,3.02803566689694,1.35720300618588
41.0,93.0,7.0,45.0,50.0,50.0,89.4,1.0,9.385,1.9680000000000004,33.06,20.98,51.84999999999999,0.34361776903866,56.7729093620084,0.040970515029756,3.06349473640808,1.40285423334001
41.0,93.0,7.0,46.0,50.0,50.0,87.9,1.0,10.68,1.9150000000000003,32.870000000000005,22.09,50.150000000000006,0.33933462487843,56.7729093620084,0.035553880640352,3.26802692767364,1.3838352503098
41.0,93.0,7.0,47.0,50.0,50.0,86.5,1.0,11.11,1.9080000000000001,33.410000000000004,21.860000000000003,49.699999999999996,0.3350514807182,56.7729093620084,0.033746409264056,3.33316666249979,1.38130373198656
41.0,93.0,7.0,48.0,50.0,50.0,85.1,1.0,11.34,1.893,36.01,21.520000000000003,49.300000000000004,0.33076833655797,56.7729093620084,0.032639309401091,3.36749164809655,1.37586336530922
41.0,93.0,7.0,49.0,50.0,50.0,83.6,1.0,13.85,1.858,34.83,21.839999999999996,47.60000000000001,0.32648519239774,56.7729093620084,0.026378117710691,3.72155881318568,1.3630847369111
41.0,93.0,7.0,50.0,50.0,50.0,82.2,1.0,14.02,1.8470000000000002,32.67999999999999,22.66,47.199999999999996,0.32220204823751,56.7729093620084,0.02571641169599,3.74432904536981,1.35904378148756
41.0,94.0,6.0,45.0,50.0,50.0,90.2,1.0,7.656999999999999,2.0029999999999997,35.31000000000001,18.44,54.0,0.35205278236723,56.7729093620084,0.051449270402107,2.76712847551392,1.41527382509534
41.0,94.0,6.0,46.0,50.0,50.0,88.8,1.0,8.834999999999999,1.9610000000000003,33.290000000000006,19.910000000000004,52.28000000000001,0.347769638207,56.7729093620084,0.044046884567474,2.97237278954037,1.40035709731482
41.0,94.0,6.0,47.0,50.0,50.0,87.3,1.0,8.894,1.9459999999999997,35.44,19.36,51.8,0.34348649404677,56.7729093620084,0.043215806930328,2.98228100620984,1.39499103939774
41.0,94.0,6.0,48.0,50.0,50.0,85.9,1.0,10.282,1.9,35.589999999999996,19.82,50.080000000000005,0.33920334988654,56.7729093620084,0.036915828488916,3.20655578463871,1.37840487520902
41.0,94.0,6.0,49.0,50.0,50.0,84.5,1.0,10.52,1.892,36.88,19.51,49.69,0.33492020572631,56.7729093620084,0.035625067510242,3.24345494804537,1.37549990912395
41.0,94.0,6.0,50.0,50.0,50.0,83.1,1.0,10.836,1.8760000000000001,36.69,19.53,49.300000000000004,0.33063706156608,56.7729093620084,0.034143860455191,3.29180801384285,1.36967149346111
41.0,95.0,5.0,45.0,50.0,50.0,91.0,1.0,6.502,2.038,38.08,15.440000000000001,56.269999999999996,0.3604877956958,56.7729093620084,0.062040271206337,2.5499019588996,1.42758537397943
41.0,95.0,5.0,46.0,50.0,50.0,89.6,1.0,7.175000000000002,1.985,35.58,16.36,54.39999999999999,0.35620465153557,56.7729093620084,0.055553032065269,2.67861904719577,1.40890028036054
41.0,95.0,5.0,47.0,50.0,50.0,88.2,1.0,7.329000000000001,1.975,36.29,16.840000000000003,54.0,0.35192150737534,56.7729093620084,0.053731773332379,2.70721258862321,1.40534693225552
41.0,95.0,5.0,48.0,50.0,50.0,86.8,1.0,8.315000000000001,1.9300000000000002,36.279999999999994,17.26,52.2,0.34763836321511,56.7729093620084,0.046783803780843,2.88357417105924,1.38924439894498
41.0,95.0,5.0,49.0,50.0,50.0,85.3,1.0,8.343,1.9139999999999997,34.89,17.779999999999998,51.8,0.34335521905488,56.7729093620084,0.046052318125664,2.88842517645862,1.3834738884417
41.0,95.0,5.0,50.0,50.0,50.0,83.9,1.0,9.899,1.879,38.290000000000006,17.13,50.0,0.33907207489465,56.7729093620084,0.038329291020014,3.14626763006582,1.37076620909621
41.0,96.0,4.0,45.0,50.0,50.0,91.9,1.0,5.9030000000000005,2.034,37.269999999999996,13.61,57.10000000000001,0.36892280902437,56.7729093620084,0.069934715110668,2.42960902204449,1.42618371888057
41.0,96.0,4.0,46.0,50.0,50.0,90.5,1.0,6.093999999999999,2.019,37.6,13.330000000000002,56.69,0.36463966486414,56.7729093620084,0.066956315225299,2.46860284371545,1.42091519803259
41.0,96.0,4.0,47.0,50.0,50.0,89.0,1.0,6.145,2.0010000000000003,38.339999999999996,13.61,56.21,0.36035652070391,56.7729093620084,0.065620658530134,2.47891105124811,1.41456707158056
41.0,96.0,4.0,48.0,50.0,50.0,87.6,1.0,6.831999999999999,1.9569999999999996,38.92,13.91,54.389999999999986,0.35607337654368,56.7729093620084,0.058320566210828,2.61380948043273,1.39892816112908
41.0,96.0,4.0,49.0,50.0,50.0,86.2,1.0,6.954000000000001,1.9449999999999998,40.11,13.790000000000001,53.96999999999999,0.35179023238345,56.7729093620084,0.056608178032367,2.63704379940872,1.39463256809814
41.0,96.0,4.0,50.0,50.0,50.0,84.8,1.0,7.813,1.8980000000000001,39.48,14.15,52.10000000000001,0.34750708822322,56.7729093620084,0.049770949919593,2.7951744131628,1.37767920794356
51.0,93.0,7.0,45.0,50.0,50.0,90.1,1.0,8.193999999999999,2.024,32.29,21.139999999999997,53.89999999999999,0.35077348386866,42.1699061133102,0.047902798199784,2.86251637549901,1.4226735395023
51.0,93.0,7.0,46.0,50.0,50.0,88.7,1.0,9.238999999999999,1.9789999999999999,33.35000000000001,21.36,52.2,0.34721021799043,42.1699061133102,0.042053061362841,3.03957233833972,1.40676934854297
51.0,93.0,7.0,47.0,50.0,50.0,87.4,1.0,9.33,1.968,33.87,21.319999999999997,51.889999999999986,0.3436469521122,42.1699061133102,0.041215534771013,3.05450486986025,1.40285423334001
51.0,93.0,7.0,48.0,50.0,50.0,86.0,1.0,9.661999999999999,1.952,32.35,21.740000000000002,51.5,0.34008368623397,42.1699061133102,0.039386632673961,3.10837578165832,1.39713993572584
51.0,93.0,7.0,49.0,50.0,50.0,84.7,1.0,11.489999999999998,1.918,32.720000000000006,21.97,49.800000000000004,0.33652042035574,42.1699061133102,0.032773398640389,3.38969025133566,1.38491877018113
51.0,93.0,7.0,50.0,50.0,50.0,83.3,1.0,11.28,1.903,33.22,21.85,49.5,0.33295715447751,42.1699061133102,0.033030058143647,3.35857112474933,1.37949266036467
51.0,94.0,6.0,45.0,50.0,50.0,90.9,1.0,7.457000000000001,2.0170000000000003,32.650000000000006,18.869999999999997,54.8,0.35920849719723,42.1699061133102,0.05390295136968,2.7307508125056,1.42021125189177
51.0,94.0,6.0,46.0,50.0,50.0,89.6,1.0,7.612,2.018,33.709999999999994,18.93,54.39999999999999,0.355645231319,42.1699061133102,0.052281530983442,2.75898532072934,1.42056326856638
51.0,94.0,6.0,47.0,50.0,50.0,88.2,1.0,7.853999999999999,2.003,34.230000000000004,19.05,54.0,0.35208196544077,42.1699061133102,0.050162938544464,2.80249888492395,1.41527382509534
51.0,94.0,6.0,48.0,50.0,50.0,86.9,1.0,8.626999999999999,1.9600000000000002,35.190000000000005,19.55,52.3,0.34851869956254,42.1699061133102,0.045206030463717,2.93717551399299,1.4
51.0,94.0,6.0,49.0,50.0,50.0,85.5,1.0,8.758000000000001,1.9470000000000003,35.660000000000004,19.1,51.92999999999999,0.34495543368431,42.1699061133102,0.044074575278916,2.9593918294136,1.39534941860453
51.0,94.0,6.0,50.0,50.0,50.0,84.1,1.0,9.06,1.937,36.35,19.259999999999998,51.60000000000001,0.34139216780608,42.1699061133102,0.042165324036976,3.00998338865848,1.39176147381654
51.0,95.0,5.0,45.0,50.0,50.0,91.8,1.0,6.159000000000001,2.056,35.230000000000004,15.920000000000002,57.0,0.3676435105258,42.1699061133102,0.066795435667863,2.48173326528054,1.43387586631479
51.0,95.0,5.0,46.0,50.0,50.0,90.4,1.0,6.3759999999999994,2.0469999999999997,35.87,16.15,56.60000000000001,0.36408024464757,42.1699061133102,0.063896768155682,2.52507425633386,1.43073407731835
51.0,95.0,5.0,47.0,50.0,50.0,89.1,1.0,6.502,2.038,34.37,16.5,56.239999999999995,0.36051697876934,42.1699061133102,0.062045293639325,2.5499019588996,1.42758537397943
51.0,95.0,5.0,48.0,50.0,50.0,87.7,1.0,7.133,1.9829999999999999,34.31,17.009999999999998,54.5,0.35695371289111,42.1699061133102,0.05599764541219,2.67076767990029,1.40819032804518
51.0,95.0,5.0,49.0,50.0,50.0,86.3,1.0,7.352000000000001,1.9770000000000003,34.790000000000006,16.949999999999996,54.10000000000001,0.35339044701288,42.1699061133102,0.053787256557048,2.71145717281317,1.40605832026982
51.0,95.0,5.0,50.0,50.0,50.0,85.0,1.0,8.264,1.9309999999999998,33.64,17.95,52.32000000000001,0.34982718113465,42.1699061133102,0.047368903157027,2.87471737741295,1.38960426021224
51.0,96.0,4.0,45.0,50.0,50.0,92.6,1.0,5.372999999999999,2.089,36.57,12.78,59.339999999999996,0.37607852385437,42.1699061133102,0.078323444666488,2.31797325264982,1.44533733086778
51.0,96.0,4.0,46.0,50.0,50.0,91.3,1.0,5.422,2.069,36.230000000000004,13.440000000000001,58.919999999999995,0.37251525797614,42.1699061133102,0.076880223842734,2.3285188425263,1.43840189098875
51.0,96.0,4.0,47.0,50.0,50.0,89.9,1.0,5.934,2.0300000000000002,36.06999999999999,13.669999999999998,57.10000000000001,0.36895199209791,42.1699061133102,0.069574870097331,2.43598029548681,1.4247806848775
51.0,96.0,4.0,48.0,50.0,50.0,88.5,1.0,5.927999999999999,2.016,37.07,14.069999999999999,56.7,0.36538872621968,42.1699061133102,0.068972669473654,2.43474844696531,1.41985914794391
51.0,96.0,4.0,49.0,50.0,50.0,87.2,1.0,6.1370000000000005,2.0079999999999996,38.31,13.13,56.39,0.36182546034145,42.1699061133102,0.065974041082301,2.47729691397701,1.41703916671347
51.0,96.0,4.0,50.0,50.0,50.0,85.8,1.0,6.706999999999999,1.959,37.68,14.180000000000001,54.5,0.35826219446322,42.1699061133102,0.059772684598829,2.58978763608138,1.3996428115773
61.0,93.0,7.0,45.0,50.0,50.0,90.9,1.0,7.794000000000001,2.0559999999999996,30.979999999999997,21.389999999999997,54.81,0.35909643909866,30.9362698154691,0.051556186213934,2.79177362979164,1.43387586631479
61.0,93.0,7.0,46.0,50.0,50.0,89.6,1.0,8.053999999999998,2.0379999999999994,31.7,21.169999999999998,54.5,0.35625305150243,30.9362698154691,0.049496792231341,2.83795701165469,1.42758537397943
61.0,93.0,7.0,47.0,50.0,50.0,88.3,1.0,8.068000000000001,2.027,32.44,21.240000000000002,54.2,0.3534096639062,30.9362698154691,0.049016536181338,2.84042250378355,1.42372750201715
61.0,93.0,7.0,48.0,50.0,50.0,87.1,1.0,8.236,2.0200000000000005,34.57000000000001,20.79,53.889999999999986,0.35056627630997,30.9362698154691,0.047630362213557,2.86984320129167,1.42126704035519
61.0,93.0,7.0,49.0,50.0,50.0,85.8,1.0,9.193000000000001,1.9780000000000002,34.190000000000005,20.86,52.27,0.34772288871374,30.9362698154691,0.042325890620111,3.03199604221378,1.40641387933993
61.0,93.0,7.0,50.0,50.0,50.0,84.5,1.0,9.447999999999999,1.9700000000000002,33.74,21.089999999999996,52.0,0.34487950111751,30.9362698154691,0.040846757170882,3.0737599125501,1.40356688476182
61.0,94.0,6.0,45.0,50.0,50.0,91.8,1.0,6.609999999999999,2.0900000000000003,32.989999999999995,18.13,57.09000000000001,0.36753145242723,30.9362698154691,0.062219015925276,2.57099202643649,1.4456832294801
61.0,94.0,6.0,46.0,50.0,50.0,90.5,1.0,6.601000000000001,2.0789999999999997,32.45,18.629999999999995,56.7,0.364688064831,30.9362698154691,0.061821836774108,2.56924113309748,1.44187378088375
61.0,94.0,6.0,47.0,50.0,50.0,89.2,1.0,6.786,2.0700000000000003,32.29,18.54,56.39999999999999,0.36184467723477,30.9362698154691,0.059667579402551,2.60499520153109,1.43874945699382
61.0,94.0,6.0,48.0,50.0,50.0,87.9,1.0,7.467999999999999,2.0249999999999995,33.31,18.990000000000002,54.7,0.35900128963854,30.9362698154691,0.053792507111078,2.73276416838336,1.42302494707577
61.0,94.0,6.0,49.0,50.0,50.0,86.6,1.0,7.5760000000000005,2.0149999999999997,36.02,18.689999999999998,54.39999999999999,0.35615790204231,30.9362698154691,0.052605688012849,2.7524534510142,1.41950695665784
61.0,94.0,6.0,50.0,50.0,50.0,85.3,1.0,7.761,2.0159999999999996,33.43000000000001,19.099999999999998,54.10000000000001,0.35331451444608,30.9362698154691,0.050941752566056,2.78585713919433,1.41985914794391
61.0,95.0,5.0,45.0,50.0,50.0,92.6,1.0,5.6819999999999995,2.13,35.660000000000004,15.41,59.379999999999995,0.3759664657558,30.9362698154691,0.074041970288761,2.38369461131245,1.45945195193264
61.0,95.0,5.0,46.0,50.0,50.0,91.3,1.0,5.6259999999999994,2.1100000000000003,35.95,15.559999999999999,59.0,0.37312307815957,30.9362698154691,0.074213424184244,2.37191905426808,1.4525839046334
61.0,95.0,5.0,47.0,50.0,50.0,90.0,1.0,5.7589999999999995,2.103,35.32,15.95,58.7,0.37027969056334,30.9362698154691,0.071947034856812,2.39979165762364,1.4501724035438
61.0,95.0,5.0,48.0,50.0,50.0,88.7,1.0,6.238999999999999,2.057,35.09,15.980000000000004,57.0,0.36743630296711,30.9362698154691,0.065901782820996,2.49779903114722,1.43422452914458
61.0,95.0,5.0,49.0,50.0,50.0,87.5,1.0,6.392,2.047,34.1,16.47,56.7,0.36459291537088,30.9362698154691,0.063826575766586,2.52824049488968,1.43073407731835
61.0,95.0,5.0,50.0,50.0,50.0,86.2,1.0,6.507,2.0479999999999996,36.17,16.169999999999998,56.39999999999999,0.36174952777465,30.9362698154691,0.062209577620998,2.55088220033776,1.43108350559987
61.0,96.0,4.0,45.0,50.0,50.0,93.4,1.0,4.86,2.1640000000000006,35.5,13.1,61.720000000000006,0.38440147908437,30.9362698154691,0.088507254134858,2.20454076850486,1.47105404387466
61.0,96.0,4.0,46.0,50.0,50.0,92.2,1.0,4.943,2.146,36.67,12.78,61.39999999999999,0.38155809148814,30.9362698154691,0.086377403272351,2.22328585656456,1.4649232061784
61.0,96.0,4.0,47.0,50.0,50.0,90.9,1.0,5.286,2.0949999999999998,36.5,13.09,59.60000000000001,0.37871470389191,30.9362698154691,0.080170592821613,2.29913027034137,1.44741148261301
61.0,96.0,4.0,48.0,50.0,50.0,89.6,1.0,5.340999999999999,2.084,36.3,13.2,59.3,0.37587131629568,30.9362698154691,0.078749298433789,2.31106036269068,1.44360659460949
61.0,96.0,4.0,49.0,50.0,50.0,88.3,1.0,5.392,2.073,35.589999999999996,13.790000000000001,59.0,0.37302792869945,30.9362698154691,0.077414364283139,2.322068043792,1.43979165159408
61.0,96.0,4.0,50.0,50.0,50.0,87.0,1.0,5.524000000000001,2.0700000000000003,36.529999999999994,13.839999999999998,58.7,0.37018454110322,30.9362698154691,0.074988504977282,2.35031912726761,1.43874945699382
71.0,93.0,7.0,45.0,50.0,50.0,91.9,1.0,6.774999999999999,2.128,31.4,20.630000000000003,57.21,0.36858663472866,22.2945827376124,0.06087799915297,2.60288301696407,1.45876660230484
71.0,93.0,7.0,46.0,50.0,50.0,90.6,1.0,6.817,2.11,31.459999999999997,20.709999999999997,56.98,0.36646312541443,22.2945827376124,0.060154354897865,2.6109385285755,1.4525839046334
71.0,93.0,7.0,47.0,50.0,50.0,89.4,1.0,7.027000000000001,2.099,31.400000000000006,20.9,56.7,0.3643396161002,22.2945827376124,0.058018504399619,2.65084892062901,1.44879260075416
71.0,93.0,7.0,48.0,50.0,50.0,88.2,1.0,7.1129999999999995,2.097,32.99,19.830000000000005,56.459999999999994,0.36221610678597,22.2945827376124,0.05698296407894,2.66702080981758,1.44810220633766
71.0,93.0,7.0,49.0,50.0,50.0,87.0,1.0,7.261,2.0949999999999998,30.04,20.57,56.2,0.36009259747174,22.2945827376124,0.055494231727156,2.69462427807663,1.44741148261301
71.0,93.0,7.0,50.0,50.0,50.0,85.8,1.0,7.822,2.04,31.740000000000002,20.85,54.63000000000001,0.35796908815751,22.2945827376124,0.051210356641301,2.79678386723036,1.42828568570857
71.0,94.0,6.0,45.0,50.0,50.0,92.7,1.0,5.901000000000001,2.16,33.06,17.78,59.5,0.37702164805723,22.2945827376124,0.0714941915228,2.42919739831904,1.46969384566991
71.0,94.0,6.0,46.0,50.0,50.0,91.5,1.0,5.909999999999999,2.152,31.790000000000003,18.07,59.279999999999994,0.374898138743,22.2945827376124,0.070983251650324,2.43104915622864,1.46696966567138
71.0,94.0,6.0,47.0,50.0,50.0,90.3,1.0,5.992999999999999,2.1409999999999996,33.48,18.220000000000002,59.0,0.37277462942877,22.2945827376124,0.069603672673251,2.44806045676981,1.46321563687653
71.0,94.0,6.0,48.0,50.0,50.0,89.1,1.0,6.122000000000002,2.142,33.510000000000005,18.380000000000003,58.779999999999994,0.37065112011454,22.2945827376124,0.067748873474056,2.47426756839272,1.46355731011806
71.0,94.0,6.0,49.0,50.0,50.0,87.9,1.0,6.534999999999999,2.0879999999999996,33.48,18.099999999999998,57.110000000000014,0.36852761080031,22.2945827376124,0.063103656692509,2.55636460623284,1.44499134945508
71.0,94.0,6.0,50.0,50.0,50.0,86.6,1.0,6.612,2.082,32.769999999999996,18.55,56.89999999999999,0.36640410148608,22.2945827376124,0.062009405560031,2.57138095194003,1.44291371883422
71.0,95.0,5.0,45.0,50.0,50.0,93.5,1.0,5.096,2.2079999999999997,32.050000000000004,15.790000000000001,61.89999999999999,0.3854566613858,22.2945827376124,0.08464011069284,2.25743216952359,1.48593404968054
71.0,95.0,5.0,46.0,50.0,50.0,92.3,1.0,5.150999999999999,2.186,35.02,15.219999999999999,61.60000000000001,0.38333315207157,22.2945827376124,0.083275052837913,2.26958145921225,1.4785127662621
71.0,95.0,5.0,47.0,50.0,50.0,91.1,1.0,5.196,2.185,34.41,15.569999999999999,61.389999999999986,0.38120964275734,22.2945827376124,0.08209653391945,2.27947362344906,1.47817454990945
71.0,95.0,5.0,48.0,50.0,50.0,89.9,1.0,5.511,2.1350000000000002,33.16,15.979999999999999,59.7,0.37908613344311,22.2945827376124,0.076972851265259,2.34755191635883,1.46116391962025
71.0,95.0,5.0,49.0,50.0,50.0,88.7,1.0,5.634000000000001,2.129,33.33,15.819999999999999,59.419999999999995,0.37696262412888,22.2945827376124,0.074870638338697,2.3736048533823,1.45910931735768
71.0,95.0,5.0,50.0,50.0,50.0,87.5,1.0,5.6259999999999994,2.1109999999999998,34.61,15.77,59.2,0.37483911481465,22.2945827376124,0.074554740397724,2.37191905426808,1.45292807805479
71.0,96.0,4.0,45.0,50.0,50.0,94.4,1.0,4.449,2.232,34.129999999999995,12.4,64.30999999999999,0.39389167471437,22.2945827376124,0.099070529108874,2.10926527492395,1.49398795175865
71.0,96.0,4.0,46.0,50.0,50.0,93.2,1.0,4.452,2.224,38.010000000000005,11.940000000000001,64.07000000000002,0.39176816540014,22.2945827376124,0.098470030791275,2.10997630318447,1.49130815058458
71.0,96.0,4.0,47.0,50.0,50.0,92.0,1.0,4.803000000000001,2.178,34.849999999999994,13.12,62.31,0.38964465608591,22.2945827376124,0.090779173466611,2.1915747762739,1.47580486514986
71.0,96.0,4.0,48.0,50.0,50.0,90.8,1.0,4.763,2.16,35.74,12.839999999999998,62.080000000000005,0.38752114677168,22.2945827376124,0.091042654469349,2.1824298385057,1.46969384566991
71.0,96.0,4.0,49.0,50.0,50.0,89.5,1.0,4.8100000000000005,2.157,36.58,12.71,61.8,0.38539763745745,22.2945827376124,0.0896590345769,2.19317121994613,1.46867287031524
71.0,96.0,4.0,50.0,50.0,50.0,88.3,1.0,4.903,2.1510000000000002,35.809999999999995,13.510000000000002,61.60000000000001,0.38327412814322,22.2945827376124,0.087473740443048,2.21427188935776,1.46662878738964
81.0,93.0,7.0,45.0,50.0,50.0,92.9,1.0,6.049000000000001,2.21,29.429999999999996,19.7,59.86999999999999,0.37924407075866,15.6468015943021,0.070156077893692,2.45947148794207,1.48660687473185
81.0,93.0,7.0,46.0,50.0,50.0,91.8,1.0,6.1049999999999995,2.1990000000000003,30.329999999999995,19.85,59.67,0.37784043972643,15.6468015943021,0.0692552747017,2.47082982012117,1.48290255917238
81.0,93.0,7.0,47.0,50.0,50.0,90.6,1.0,6.059,2.1800000000000006,32.32,19.31,59.48,0.3764368086942,15.6468015943021,0.06952183345912,2.46150360552245,1.47648230602334
81.0,93.0,7.0,48.0,50.0,50.0,89.5,1.0,6.1259999999999994,2.1919999999999997,31.45,20.01,59.29,0.37503317766197,15.6468015943021,0.068505080934336,2.47507575641636,1.48054044186574
81.0,93.0,7.0,49.0,50.0,50.0,88.4,1.0,6.323,2.1710000000000003,32.19,19.07,59.10000000000001,0.37362954662974,15.6468015943021,0.066122325269442,2.51455761516812,1.47343136928735
81.0,93.0,7.0,50.0,50.0,50.0,87.2,1.0,6.307999999999999,2.1740000000000004,33.67,18.9,58.90999999999999,0.37222591559751,15.6468015943021,0.066030564291949,2.5115732121521,1.47444904964532
81.0,94.0,6.0,45.0,50.0,50.0,93.8,1.0,5.25,2.246,31.880000000000003,17.029999999999998,62.2,0.38767908408723,15.6468015943021,0.082631027636878,2.29128784747792,1.49866607354674
81.0,94.0,6.0,46.0,50.0,50.0,92.6,1.0,5.282,2.232,30.540000000000003,17.990000000000002,62.0,0.386275453055,15.6468015943021,0.081833061713091,2.29826021155134,1.49398795175865
81.0,94.0,6.0,47.0,50.0,50.0,91.5,1.0,5.325000000000001,2.24,31.310000000000002,17.6,61.83,0.38487182202277,15.6468015943021,0.080877289923658,2.30759615184287,1.49666295470958
81.0,94.0,6.0,48.0,50.0,50.0,90.3,1.0,5.322,2.2270000000000003,33.86,17.21,61.65,0.38346819099054,15.6468015943021,0.080627753799026,2.30694603317893,1.49231363995643
81.0,94.0,6.0,49.0,50.0,50.0,89.2,1.0,5.386000000000001,2.226,33.339999999999996,17.03,61.48,0.38206455995831,15.6468015943021,0.07937806212279,2.32077573237915,1.49197855212466
81.0,94.0,6.0,50.0,50.0,50.0,88.1,1.0,5.432,2.2119999999999997,30.21,17.79,61.3,0.38066092892608,15.6468015943021,0.078416711978697,2.33066514111315,1.48727939540626
81.0,95.0,5.0,45.0,50.0,50.0,94.6,1.0,4.581,2.2800000000000002,33.16,14.920000000000002,64.67,0.3961140974158,15.6468015943021,0.096758715347802,2.14032707780844,1.50996688705415
81.0,95.0,5.0,46.0,50.0,50.0,93.5,1.0,4.662999999999999,2.2689999999999997,34.44,14.429999999999998,64.47999999999999,0.39471046638357,15.6468015943021,0.094720354253317,2.15939806427625,1.50632001911944
81.0,95.0,5.0,47.0,50.0,50.0,92.3,1.0,4.689000000000001,2.272,34.87,14.459999999999999,64.28999999999999,0.39330683535134,15.6468015943021,0.093860172479878,2.16540989191423,1.50731549451334
81.0,95.0,5.0,48.0,50.0,50.0,91.2,1.0,4.699,2.258,33.66,14.889999999999997,64.10000000000001,0.39190320431911,15.6468015943021,0.09332617272464,2.16771769379687,1.50266430050095
81.0,95.0,5.0,49.0,50.0,50.0,90.0,1.0,4.743,2.2649999999999997,33.8,15.05,63.89999999999999,0.39049957328688,15.6468015943021,0.092129247840611,2.17784296954578,1.50499169432924
81.0,95.0,5.0,50.0,50.0,50.0,88.9,1.0,5.003,2.205,31.520000000000003,15.8,62.3,0.38909594225465,15.6468015943021,0.087027455403349,2.23673869730016,1.48492424049175
81.0,96.0,4.0,45.0,50.0,50.0,95.5,1.0,4.0920000000000005,2.324,32.910000000000004,13.05,67.15,0.40454911074437,15.6468015943021,0.110628165914699,2.02286924935844,1.52446712001276
81.0,96.0,4.0,46.0,50.0,50.0,94.3,1.0,4.1049999999999995,2.3120000000000003,35.51,11.87,66.99,0.40314547971214,15.6468015943021,0.109895198976342,2.02607995893548,1.52052622469986
81.0,96.0,4.0,47.0,50.0,50.0,93.2,1.0,4.109999999999999,2.3,33.37,12.040000000000003,66.79999999999998,0.40174184867991,15.6468015943021,0.109379350042049,2.02731349327133,1.51657508881031
81.0,96.0,4.0,48.0,50.0,50.0,92.0,1.0,4.143,2.3089999999999997,34.260000000000005,12.54,66.60000000000001,0.40033821764768,15.6468015943021,0.10812900447689,2.03543607121422,1.51953940389843
81.0,96.0,4.0,49.0,50.0,50.0,90.9,1.0,4.357,2.255,36.38,12.02,64.91999999999999,0.39893458661545,15.6468015943021,0.102457609002224,2.08734280845289,1.50166574176812
81.0,96.0,4.0,50.0,50.0,50.0,89.8,1.0,4.389000000000001,2.249,33.64999999999999,13.479999999999999,64.72999999999999,0.39753095558322,15.6468015943021,0.101352731669543,2.09499403340439,1.4996666296214
91.0,93.0,7.0,45.0,50.0,50.0,94.1,1.0,5.186,2.3329999999999997,31.77,18.32,64.0,0.39106874718866,10.5328702830664,0.084382168936389,2.27727907819837,1.5274161188098
91.0,93.0,7.0,46.0,50.0,50.0,93.0,1.0,5.115,2.324,32.300000000000004,18.16,63.89999999999999,0.39038499443843,10.5328702830664,0.085403872683598,2.26163657557973,1.52446712001276
91.0,93.0,7.0,47.0,50.0,50.0,92.0,1.0,5.377000000000001,2.2789999999999995,30.74,18.73,62.5,0.3897012416882,10.5328702830664,0.081100184015082,2.31883591485038,1.50963571764847
91.0,93.0,7.0,48.0,50.0,50.0,90.9,1.0,5.379999999999999,2.292,30.610000000000003,18.64,62.39999999999999,0.38901748893797,10.5328702830664,0.08091274537576,2.31948270094864,1.51393526942205
91.0,93.0,7.0,49.0,50.0,50.0,89.8,1.0,5.444999999999999,2.274,31.05,19.13,62.3,0.38833373618774,10.5328702830664,0.079806327051255,2.33345237791561,1.50797877969154
91.0,93.0,7.0,50.0,50.0,50.0,88.8,1.0,5.478,2.263,28.619999999999997,19.65,62.2,0.38764998343751,10.5328702830664,0.07918589475476,2.34051276433178,1.50432709209134
91.0,94.0,6.0,45.0,50.0,50.0,95.0,1.0,4.708,2.3419999999999996,29.919999999999998,17.11,65.17,0.39950376051723,10.5328702830664,0.094954271032027,2.16979261681848,1.5303594349041
91.0,94.0,6.0,46.0,50.0,50.0,93.9,1.0,4.722,2.337,32.53,16.440000000000005,65.07000000000001,0.398820007767,10.5328702830664,0.094510713403489,2.17301633680007,1.52872495891184
91.0,94.0,6.0,47.0,50.0,50.0,92.8,1.0,4.7909999999999995,2.322,30.03,17.169999999999995,64.93999999999998,0.39813625501677,10.5328702830664,0.092989870457893,2.18883530673278,1.52381101190404
91.0,94.0,6.0,48.0,50.0,50.0,91.7,1.0,4.769,2.3169999999999997,31.46,16.71,64.79999999999998,0.39745250226654,10.5328702830664,0.093258408478981,2.183804020511,1.52216950435883
91.0,94.0,6.0,49.0,50.0,50.0,90.7,1.0,4.765000000000001,2.324,32.67,16.569999999999997,64.72,0.39676874951631,10.5328702830664,0.093176123968258,2.18288799529431,1.52446712001276
91.0,94.0,6.0,50.0,50.0,50.0,89.6,1.0,4.776,2.321,31.279999999999994,17.000000000000004,64.61000000000001,0.39608499676608,10.5328702830664,0.092801321478485,2.18540614074364,1.52348285188905
91.0,95.0,5.0,45.0,50.0,50.0,95.8,1.0,4.178,2.369,31.599999999999994,14.52,67.70000000000002,0.4079387738458,10.5328702830664,0.109258853023803,2.04401565551734,1.53915561266559
91.0,95.0,5.0,46.0,50.0,50.0,94.7,1.0,4.21,2.3750000000000004,30.640000000000004,14.709999999999999,67.59,0.40725502109557,10.5328702830664,0.108246643374333,2.05182845286832,1.54110350074224
91.0,95.0,5.0,47.0,50.0,50.0,93.7,1.0,4.1930000000000005,2.363,30.93,14.720000000000002,67.46,0.40657126834534,10.5328702830664,0.108503040610168,2.04768161587684,1.53720525630119
91.0,95.0,5.0,48.0,50.0,50.0,92.6,1.0,4.271000000000001,2.376,32.410000000000004,14.74,67.38999999999999,0.40588751559511,10.5328702830664,0.106342339019182,2.0666397847714,1.54142790943982
91.0,95.0,5.0,49.0,50.0,50.0,91.5,1.0,4.237,2.357,30.870000000000005,14.85,67.27000000000001,0.40520376284488,10.5328702830664,0.10701510753444,2.0583974348993,1.53525242224202
91.0,95.0,5.0,50.0,50.0,50.0,90.5,1.0,4.28,2.367,32.480000000000004,14.34,67.17000000000002,0.40452001009465,10.5328702830664,0.10576118955512,2.06881608655772,1.53850576859497
91.0,96.0,4.0,45.0,50.0,50.0,96.6,1.0,3.753,2.4189999999999996,33.83,12.169999999999998,70.29999999999998,0.41637378717437,10.5328702830664,0.124146620796195,1.93726611491555,1.55531347322654
91.0,96.0,4.0,46.0,50.0,50.0,95.6,1.0,3.739,2.4210000000000003,35.32,11.549999999999999,70.20000000000002,0.41569003442414,10.5328702830664,0.124406832982245,1.93364939945172,1.55595629758679
91.0,96.0,4.0,47.0,50.0,50.0,94.5,1.0,3.7939999999999996,2.419,34.74999999999999,12.010000000000002,70.07000000000001,0.41500628167391,10.5328702830664,0.122401694568557,1.94781929346641,1.55531347322654
91.0,96.0,4.0,48.0,50.0,50.0,93.4,1.0,3.771000000000001,2.4140000000000006,34.99,11.34,69.97999999999999,0.41432252892368,10.5328702830664,0.122945348678228,1.94190627992187,1.55370524875216
91.0,96.0,4.0,49.0,50.0,50.0,92.4,1.0,3.7670000000000003,2.4099999999999997,34.61,11.919999999999998,69.87999999999998,0.41363877617345,10.5328702830664,0.122872787506793,1.94087609084145,1.552417469626
91.0,96.0,4.0,50.0,50.0,50.0,91.3,1.0,3.781999999999999,2.401,33.42999999999999,11.919999999999998,69.76,0.41295502342322,10.5328702830664,0.122183149447537,1.94473648600524,1.54951605348251
1.0,93.0,7.0,42.0,50.0,50.0,92.8,1.0,8.951,1.987,33.269999999999996,21.340000000000003,52.39999999999999,0.34815528558335,174.20989644446,0.043524272658672,2.99182218722972,1.40960987510729
1.0,94.0,6.0,42.0,50.0,50.0,93.7,1.0,7.522000000000001,2.021,33.39999999999999,19.58,54.57000000000001,0.35659029891192,174.20989644446,0.053047666110401,2.74262647839621,1.42161879559888
1.0,95.0,5.0,42.0,50.0,50.0,94.5,1.0,6.377000000000001,2.045,34.959999999999994,15.710000000000003,56.78000000000001,0.36502531224049,174.20989644446,0.064052583408673,2.52527226254913,1.43003496460751
1.0,96.0,4.0,42.0,50.0,50.0,95.3,1.0,5.431,2.082,36.690000000000005,13.52,59.09000000000001,0.37346032556906,174.20989644446,0.076947542683075,2.33045060020589,1.44291371883422
11.0,93.0,7.0,42.0,50.0,50.0,92.8,1.0,9.103,1.9849999999999999,32.370000000000005,21.31,52.39999999999999,0.34848240396735,132.510528403874,0.042837724930184,3.01711782998278,1.40890028036054
11.0,94.0,6.0,42.0,50.0,50.0,93.7,1.0,7.384,2.018,35.61,18.18,54.60000000000001,0.35691741729592,132.510528403874,0.054088649777104,2.71735165188461,1.42056326856638
11.0,95.0,5.0,42.0,50.0,50.0,94.5,1.0,6.31,2.053,35.18,15.939999999999998,56.8,0.36535243062449,132.510528403874,0.064790708378574,2.51197133741609,1.43282936876657
11.0,96.0,4.0,42.0,50.0,50.0,95.4,1.0,5.430000000000001,2.0780000000000003,35.21,13.51,59.10000000000001,0.37378744395306,132.510528403874,0.077029125190327,2.33023603954621,1.44152696818339
21.0,93.0,7.0,42.0,50.0,50.0,93.0,1.0,8.862,1.9919999999999998,31.060000000000002,21.65,52.60000000000001,0.34997676275135,100.432501272057,0.04419137864125,2.97691115084075,1.41138230115019
21.0,94.0,6.0,42.0,50.0,50.0,93.8,1.0,7.308,2.026,34.62,18.35,54.77,0.35841177607992,100.432501272057,0.054879964071351,2.70333127825651,1.42337626789265
21.0,95.0,5.0,42.0,50.0,50.0,94.7,1.0,6.265000000000001,2.0620000000000003,36.68,15.809999999999999,57.0,0.36684678940849,100.432501272057,0.06552299399012,2.50299820215677,1.43596657342711
21.0,96.0,4.0,42.0,50.0,50.0,95.5,1.0,5.346000000000001,2.09,37.9,12.88,59.29,0.37528180273706,100.432501272057,0.078552251639127,2.31214186415972,1.4456832294801
31.0,93.0,7.0,42.0,50.0,50.0,93.3,1.0,8.061,2.025,33.970000000000006,20.060000000000002,54.10000000000001,0.35263836193535,75.7558725119257,0.048952031634494,2.83919002534173,1.42302494707577
31.0,94.0,6.0,42.0,50.0,50.0,94.1,1.0,6.769,2.068,35.07,17.82,56.3,0.36107337526392,75.7558725119257,0.059689925678878,2.60173019354429,1.4380542409798
31.0,95.0,5.0,42.0,50.0,50.0,95.0,1.0,6.208000000000001,2.072,34.58,15.91,57.29,0.36950838859249,75.7558725119257,0.0666043632144,2.49158584038359,1.43944433723573
31.0,96.0,4.0,42.0,50.0,50.0,95.8,1.0,5.298,2.103,36.89,13.14,59.60000000000001,0.37794340192106,75.7558725119257,0.079826097914244,2.30173847341526,1.4501724035438
41.0,93.0,7.0,42.0,50.0,50.0,93.6,1.0,7.889000000000001,2.048,32.87,20.910000000000004,54.59000000000001,0.35646720151935,56.7729093620084,0.050562403156313,2.80873637068344,1.43108350559987
41.0,94.0,6.0,42.0,50.0,50.0,94.5,1.0,6.583,2.0759999999999996,33.55,18.279999999999998,56.8,0.36490221484792,56.7729093620084,0.062027279115118,2.56573576192093,1.44083309234623
41.0,95.0,5.0,42.0,50.0,50.0,95.3,1.0,5.665000000000001,2.112,33.790000000000006,15.809999999999999,59.080000000000005,0.37333722817649,56.7729093620084,0.073744811708648,2.38012604708238,1.4532721699668
41.0,96.0,4.0,42.0,50.0,50.0,96.2,1.0,4.9399999999999995,2.15,35.44,12.809999999999999,61.39999999999999,0.38177224150506,56.7729093620084,0.08647836806562,2.22261107708929,1.46628782986152
51.0,93.0,7.0,42.0,50.0,50.0,94.1,1.0,7.141,2.101,32.870000000000005,20.130000000000003,56.39999999999999,0.36146328150335,42.1699061133102,0.056641564487082,2.67226495692325,1.44948266633306
51.0,94.0,6.0,42.0,50.0,50.0,95.0,1.0,6.483,2.095999999999999,32.14,18.68,57.39999999999999,0.36989829483192,42.1699061133102,0.063846397025593,2.54617359973746,1.44775688566831
51.0,95.0,5.0,42.0,50.0,50.0,95.8,1.0,5.532000000000001,2.142,34.129999999999995,15.289999999999997,59.7,0.37833330816049,42.1699061133102,0.076528375240707,2.35202040807473,1.46355731011806
51.0,96.0,4.0,42.0,50.0,50.0,96.7,1.0,4.807,2.165,36.339999999999996,12.499999999999998,62.03000000000001,0.38676832148906,42.1699061133102,0.09003406526862,2.19248717214035,1.47139389695622
61.0,93.0,7.0,42.0,50.0,50.0,94.8,1.0,6.7,2.124,31.990000000000002,20.12,57.11,0.36762660188735,30.9362698154691,0.061399129479395,2.58843582110896,1.45739493617893
61.0,94.0,6.0,42.0,50.0,50.0,95.6,1.0,5.962,2.168,32.760000000000005,17.82,59.419999999999995,0.37606161521592,30.9362698154691,0.07058251382533,2.44172070474901,1.47241298554448
61.0,95.0,5.0,42.0,50.0,50.0,96.4,1.0,5.122,2.191,34.53,15.1,61.79,0.38449662854449,30.9362698154691,0.084000727712082,2.26318359838525,1.48020268882339
61.0,96.0,4.0,42.0,50.0,50.0,97.3,1.0,4.439,2.229,35.84,12.569999999999999,64.22,0.39293164187306,30.9362698154691,0.099051702468113,2.10689344770921,1.49298358999689
71.0,93.0,7.0,42.0,50.0,50.0,95.5,1.0,6.2509999999999994,2.1900000000000004,29.940000000000005,20.18,59.3,0.37495716267135,22.2945827376124,0.067121590950127,2.50019999200064,1.47986485869487
71.0,94.0,6.0,42.0,50.0,50.0,96.3,1.0,5.354,2.232,33.32,16.740000000000002,61.69000000000001,0.38339217599992,22.2945827376124,0.080129967303682,2.31387121508523,1.49398795175865
71.0,95.0,5.0,42.0,50.0,50.0,97.2,1.0,4.700999999999999,2.2660000000000005,33.239999999999995,15.02,64.10000000000001,0.39182718932849,22.2945827376124,0.093268373720183,2.16817895940349,1.5053238854147
71.0,96.0,4.0,42.0,50.0,50.0,98.0,1.0,4.076,2.289,36.67,11.899999999999997,66.60000000000001,0.40026220265706,22.2945827376124,0.109885526195596,2.01891059732718,1.51294414966317
81.0,93.0,7.0,42.0,50.0,50.0,96.3,1.0,5.57,2.26,28.580000000000002,19.359999999999996,61.7,0.38345496385535,15.6468015943021,0.077035207280815,2.36008474424119,1.50332963783729
81.0,94.0,6.0,42.0,50.0,50.0,97.2,1.0,4.891,2.3129999999999997,31.2,16.73,64.10000000000001,0.39188997718392,15.6468015943021,0.089659555197057,2.2115605350069,1.52085502267639
81.0,95.0,5.0,42.0,50.0,50.0,98.0,1.0,4.299999999999999,2.344,34.07,14.260000000000002,66.60000000000001,0.40032499051249,15.6468015943021,0.10417759636825,2.07364413533277,1.53101273672037
81.0,96.0,4.0,42.0,50.0,50.0,98.9,1.0,4.023000000000001,2.342,34.0,12.15,67.79999999999998,0.40876000384106,15.6468015943021,0.113696854163099,2.00574175805361,1.5303594349041
91.0,93.0,7.0,42.0,50.0,50.0,97.3,1.0,5.082000000000001,2.3499999999999996,30.9,18.21,64.29999999999998,0.39312000543935,10.5328702830664,0.086560662354709,2.25432916851111,1.53297097167559
91.0,94.0,6.0,42.0,50.0,50.0,98.2,1.0,4.516,2.403,31.8,16.339999999999996,66.79999999999998,0.40155501876792,10.5328702830664,0.099499571745196,2.12508823346232,1.55016128193166
91.0,95.0,5.0,42.0,50.0,50.0,99.0,1.0,4.161,2.397,33.94,14.2,68.02000000000001,0.40999003209649,10.5328702830664,0.110256872366251,2.03985293587553,1.54822478988033
91.0,96.0,4.0,42.0,50.0,50.0,99.8,1.0,3.7369999999999997,2.438,34.33,12.030000000000001,70.61,0.41842504542506,10.5328702830664,0.125292380473814,1.93313217344288,1.56140961954255
1.0,93.0,7.0,43.0,50.0,50.0,91.1,1.0,9.616999999999999,1.964,32.63999999999999,22.020000000000003,51.60000000000001,0.34099262829512,174.20989644446,0.039676692426145,3.1011288267339,1.40142784330839
1.0,94.0,6.0,43.0,50.0,50.0,91.9,1.0,8.717999999999998,1.9660000000000004,35.56,18.96,52.489999999999995,0.34942764162369,174.20989644446,0.044850829430708,2.95262594989613,1.40214121970649
1.0,95.0,5.0,43.0,50.0,50.0,92.8,1.0,7.132000000000001,2.0,34.67,16.81,54.60000000000001,0.35786265495226,174.20989644446,0.056148108649969,2.67058046124808,1.4142135623731
1.0,96.0,4.0,43.0,50.0,50.0,93.6,1.0,6.002999999999999,2.021,35.779999999999994,13.7,56.89999999999999,0.36629766828083,174.20989644446,0.068280374946901,2.45010203869145,1.42161879559888
11.0,93.0,7.0,43.0,50.0,50.0,91.2,1.0,9.504999999999999,1.968,33.63,21.499999999999996,51.7,0.34203962496112,132.510528403874,0.040267473995949,3.0830180018936,1.40285423334001
11.0,94.0,6.0,43.0,50.0,50.0,92.0,1.0,7.859,1.9989999999999999,35.370000000000005,18.110000000000003,53.85999999999999,0.35047463828969,132.510528403874,0.049902165701255,2.8033908040086,1.41385996477728
11.0,95.0,5.0,43.0,50.0,50.0,92.9,1.0,7.047,1.9929999999999999,35.97000000000001,16.639999999999997,54.73,0.35890965161826,132.510528403874,0.056991613475356,2.65461861667547,1.41173651932646
11.0,96.0,4.0,43.0,50.0,50.0,93.7,1.0,5.896,2.0269999999999997,38.94,13.279999999999998,57.0,0.36734466494683,132.510528403874,0.069718229320811,2.42816803372419,1.42372750201715
21.0,93.0,7.0,43.0,50.0,50.0,91.4,1.0,9.462,1.9759999999999998,33.6,21.31,51.919999999999995,0.34425386202712,100.432501272057,0.040712330544108,3.07603641070778,1.40570267126445
21.0,94.0,6.0,43.0,50.0,50.0,92.3,1.0,7.696000000000001,2.002,35.21,18.669999999999998,54.10000000000001,0.35268887535569,100.432501272057,0.051281035800808,2.77416654150395,1.41492049246592
21.0,95.0,5.0,43.0,50.0,50.0,93.1,1.0,6.567,2.0380000000000003,35.529999999999994,16.349999999999998,56.3,0.36112388868426,100.432501272057,0.061534586788136,2.56261585103971,1.42758537397943
21.0,96.0,4.0,43.0,50.0,50.0,94.0,1.0,5.805000000000001,2.033,38.11000000000001,13.429999999999998,57.2,0.36955890201283,100.432501272057,0.071237969225212,2.40935676063135,1.42583308981101
31.0,93.0,7.0,43.0,50.0,50.0,91.8,1.0,9.058,1.9819999999999998,31.670000000000005,21.58,52.3,0.34763533949312,75.7558725119257,0.042945898089291,3.0096511425745,1.40783521763025
31.0,94.0,6.0,43.0,50.0,50.0,92.6,1.0,7.460000000000001,2.0119999999999996,35.10000000000001,18.630000000000003,54.5,0.35607035282169,75.7558725119257,0.053410552923254,2.73130005674953,1.41844985811977
31.0,95.0,5.0,43.0,50.0,50.0,93.5,1.0,6.321,2.05,35.74999999999999,15.45,56.7,0.36450536615026,75.7558725119257,0.06452800264549,2.51415989944952,1.43178210632764
31.0,96.0,4.0,43.0,50.0,50.0,94.3,1.0,5.3629999999999995,2.082,35.87,13.430000000000001,59.0,0.37294037947883,75.7558725119257,0.07781470905031,2.31581519124476,1.44291371883422
41.0,93.0,7.0,43.0,50.0,50.0,92.2,1.0,8.094,2.023,32.92,20.34,54.05,0.35218405735912,56.7729093620084,0.048689641732747,2.8449956063235,1.42232204510793
41.0,94.0,6.0,43.0,50.0,50.0,93.1,1.0,6.855000000000001,2.067,36.53,17.330000000000002,56.3,0.36061907068769,56.7729093620084,0.058866920510507,2.61820549231721,1.43770650690605
41.0,95.0,5.0,43.0,50.0,50.0,93.9,1.0,6.218,2.072,35.32,16.009999999999998,57.2,0.36905408401626,56.7729093620084,0.066415490513701,2.49359178696113,1.43944433723573
41.0,96.0,4.0,43.0,50.0,50.0,94.7,1.0,5.2379999999999995,2.088,36.81,13.05,59.5,0.37748909734483,56.7729093620084,0.080643432594285,2.28866773473128,1.44499134945508
51.0,93.0,7.0,43.0,50.0,50.0,92.8,1.0,7.897,2.0490000000000004,29.220000000000006,21.48,54.7,0.35790001562512,42.1699061133102,0.050714210141131,2.81016013778575,1.43143284858215
51.0,94.0,6.0,43.0,50.0,50.0,93.6,1.0,6.517,2.086,33.43,18.16,56.90999999999999,0.36633502895369,42.1699061133102,0.062901472671349,2.55284155403347,1.44429913799046
51.0,95.0,5.0,43.0,50.0,50.0,94.5,1.0,5.634,2.117,33.800000000000004,15.809999999999999,59.2,0.37477004228226,42.1699061133102,0.074435157492696,2.3736048533823,1.45499140890934
51.0,96.0,4.0,43.0,50.0,50.0,95.3,1.0,4.851000000000001,2.151,35.559999999999995,13.059999999999999,61.60000000000001,0.38320505561083,42.1699061133102,0.08839547664987,2.20249858115732,1.46662878738964
61.0,93.0,7.0,43.0,50.0,50.0,93.5,1.0,6.944,2.1079999999999997,33.08,20.23,56.8,0.36478321429112,30.9362698154691,0.058783470160104,2.6351470547201,1.45189531303052
61.0,94.0,6.0,43.0,50.0,50.0,94.3,1.0,6.0120000000000005,2.152,31.9,18.49,59.09000000000001,0.37321822761969,30.9362698154691,0.069466266917238,2.45193800900431,1.46696966567138
61.0,95.0,5.0,43.0,50.0,50.0,95.2,1.0,5.1339999999999995,2.187,36.01,15.160000000000002,61.39999999999999,0.38165324094826,30.9362698154691,0.083184646790242,2.26583318009071,1.47885090526395
61.0,96.0,4.0,43.0,50.0,50.0,96.0,1.0,4.51,2.217,37.55,12.260000000000002,63.879999999999995,0.39008825427683,30.9362698154691,0.09678686397689,2.12367605815953,1.48895936814945
71.0,93.0,7.0,43.0,50.0,50.0,94.3,1.0,6.261,2.1770000000000005,31.85,19.449999999999996,59.0,0.37283365335712,22.2945827376124,0.066634859943558,2.5021990328509,1.47546602807384
71.0,94.0,6.0,43.0,50.0,50.0,95.1,1.0,5.404000000000001,2.217,33.64,17.150000000000002,61.39999999999999,0.38126866668569,22.2945827376124,0.07894885973747,2.32465051136725,1.48895936814945
71.0,95.0,5.0,43.0,50.0,50.0,96.0,1.0,4.993,2.2199999999999998,32.58,15.250000000000004,62.48,0.38970368001426,22.2945827376124,0.087337956726609,2.23450218169506,1.48996644257513
71.0,96.0,4.0,43.0,50.0,50.0,96.8,1.0,4.297,2.242,37.05,12.11,64.89999999999999,0.39813869334283,22.2945827376124,0.103680986234728,2.0729206448873,1.49733095873958
81.0,93.0,7.0,43.0,50.0,50.0,95.2,1.0,5.623,2.2440000000000007,32.17,19.130000000000003,61.5,0.38205133282312,15.6468015943021,0.076029777952885,2.37128657061942,1.49799866488592
81.0,94.0,6.0,43.0,50.0,50.0,96.0,1.0,4.885,2.299,30.889999999999997,17.6,63.89999999999999,0.39048634615169,15.6468015943021,0.08944815175921,2.21020361053003,1.51624536272992
81.0,95.0,5.0,43.0,50.0,50.0,96.9,1.0,4.537999999999999,2.2950000000000004,31.78,15.41,65.08000000000001,0.39892135948026,15.6468015943021,0.098367783441695,2.13025820031282,1.51492574075431
81.0,96.0,4.0,43.0,50.0,50.0,97.7,1.0,4.007,2.3280000000000003,32.83,12.729999999999999,67.59,0.40735637280883,15.6468015943021,0.113758867275538,2.00174923504419,1.52577848982085
91.0,93.0,7.0,43.0,50.0,50.0,96.2,1.0,5.116,2.334,29.880000000000003,18.8,64.20000000000002,0.39243625268912,10.5328702830664,0.085835841821565,2.26185764361951,1.52774343395742
91.0,94.0,6.0,43.0,50.0,50.0,97.1,1.0,4.468999999999999,2.3869999999999996,31.65,16.119999999999997,66.70000000000002,0.40087126601769,10.5328702830664,0.100374792274289,2.11400094607358,1.54499190936393
91.0,95.0,5.0,43.0,50.0,50.0,97.9,1.0,4.176,2.3979999999999997,32.05,14.25,67.89999999999999,0.40930627934626,10.5328702830664,0.109677616520226,2.04352636391117,1.54854770672395
91.0,96.0,4.0,43.0,50.0,50.0,98.8,1.0,3.7089999999999996,2.431,33.39,11.94,70.5,0.41774129267483,10.5328702830664,0.126031951065822,1.92587642386525,1.55916644396934
1.0,93.0,7.0,44.0,50.0,50.0,89.4,1.0,11.729999999999999,1.908,33.150000000000006,21.790000000000003,49.60000000000001,0.33382997100689,174.20989644446,0.031846183934928,3.42490875790874,1.38130373198656
1.0,94.0,6.0,44.0,50.0,50.0,90.2,1.0,9.023,1.94,35.3,19.490000000000002,51.7,0.34226498433546,174.20989644446,0.042446472068201,3.00383088738364,1.39283882771841
1.0,95.0,5.0,44.0,50.0,50.0,91.1,1.0,7.449000000000001,1.98,36.6,16.66,53.89999999999999,0.35069999766403,174.20989644446,0.052682681888314,2.72928562081729,1.40712472794703
1.0,96.0,4.0,44.0,50.0,50.0,91.9,1.0,6.666999999999999,1.9710000000000005,39.86,13.51,54.7,0.3591350109926,174.20989644446,0.060277797705223,2.5820534463872,1.40392307481571
11.0,93.0,7.0,44.0,50.0,50.0,89.6,1.0,10.809999999999999,1.9149999999999998,34.16,21.38,49.800000000000004,0.33559684595489,132.510528403874,0.034739395987375,3.28785644455472,1.3838352503098
11.0,94.0,6.0,44.0,50.0,50.0,90.4,1.0,9.007000000000001,1.94,34.160000000000004,19.199999999999996,51.89999999999999,0.34403185928346,132.510528403874,0.042741384538491,3.00116643990299,1.39283882771841
11.0,95.0,5.0,44.0,50.0,50.0,91.2,1.0,7.4959999999999996,1.9739999999999998,35.41,17.08,54.09000000000001,0.35246687261203,132.510528403874,0.052616119324021,2.73788239338362,1.40499110317468
11.0,96.0,4.0,44.0,50.0,50.0,92.1,1.0,6.13,2.004,39.83,13.2,56.3,0.3609018859406,132.510528403874,0.065880784725535,2.47588368062799,1.41562706953491
21.0,93.0,7.0,44.0,50.0,50.0,89.9,1.0,10.78,1.9240000000000002,34.36,21.65,50.10000000000001,0.33853096130289,100.432501272057,0.035140644313352,3.2832910318764,1.38708327075198
21.0,94.0,6.0,44.0,50.0,50.0,90.7,1.0,8.834,1.956,36.46000000000001,18.34,52.2,0.34696597463146,100.432501272057,0.043950070818724,2.97220456900261,1.39857069896377
21.0,95.0,5.0,44.0,50.0,50.0,91.5,1.0,7.302,1.9900000000000002,36.36,16.33,54.39999999999999,0.35540098796003,100.432501272057,0.054463668245313,2.70222130847938,1.41067359796659
21.0,96.0,4.0,44.0,50.0,50.0,92.4,1.0,6.0489999999999995,2.018,37.910000000000004,13.719999999999999,56.60000000000001,0.3638360012886,100.432501272057,0.06730575061034,2.45947148794207,1.42056326856638
31.0,93.0,7.0,44.0,50.0,50.0,90.3,1.0,9.582,1.9689999999999999,32.75000000000001,21.85,51.78000000000001,0.34263231705089,75.7558725119257,0.040013104026294,3.09548057658258,1.40321060429288
31.0,94.0,6.0,44.0,50.0,50.0,91.1,1.0,7.975,2.0,34.660000000000004,18.82,53.89999999999999,0.35106733037946,75.7558725119257,0.049259478707789,2.82400424928859,1.4142135623731
31.0,95.0,5.0,44.0,50.0,50.0,92.0,1.0,7.047,2.001,34.029999999999994,16.85,54.8,0.35950234370803,75.7558725119257,0.057085727630096,2.65461861667547,1.41456707158056
31.0,96.0,4.0,44.0,50.0,50.0,92.8,1.0,5.886999999999999,2.0300000000000002,38.760000000000005,13.319999999999999,57.010000000000005,0.3679373570366,75.7558725119257,0.06993747282554,2.42631407694882,1.4247806848775
41.0,93.0,7.0,44.0,50.0,50.0,90.8,1.0,9.068,1.9899999999999998,33.13,21.16,52.3,0.34790091319889,56.7729093620084,0.042931310307627,3.01131200641846,1.41067359796659
41.0,94.0,6.0,44.0,50.0,50.0,91.6,1.0,7.4719999999999995,2.0129999999999995,36.36,18.270000000000003,54.5,0.35633592652746,56.7729093620084,0.053364547883328,2.73349593012318,1.41880231181092
41.0,95.0,5.0,44.0,50.0,50.0,92.5,1.0,6.312,2.0580000000000007,34.53,16.25,56.7,0.36477093985603,56.7729093620084,0.064667091523907,2.51236939959075,1.43457310723434
41.0,96.0,4.0,44.0,50.0,50.0,93.3,1.0,5.399,2.075,36.89,13.26,59.0,0.3732059531846,56.7729093620084,0.077350891204588,2.32357483202069,1.44048602908879
51.0,93.0,7.0,44.0,50.0,50.0,91.4,1.0,8.074,2.032,34.17,20.530000000000005,54.3,0.35433674974689,42.1699061133102,0.049108598336236,2.84147848839297,1.42548237449644
51.0,94.0,6.0,44.0,50.0,50.0,92.3,1.0,6.699,2.073,32.65,19.03,56.5,0.36277176307546,42.1699061133102,0.060597343317128,2.58824264704838,1.43979165159408
51.0,95.0,5.0,44.0,50.0,50.0,93.1,1.0,5.722,2.115,36.79,15.74,58.8,0.37120677640403,42.1699061133102,0.072593565675657,2.39207023308263,1.4543039572249
51.0,96.0,4.0,44.0,50.0,50.0,94.0,1.0,5.258999999999999,2.1,35.31,13.440000000000001,59.769999999999996,0.3796417897326,42.1699061133102,0.08077945668583,2.29325096751315,1.44913767461894
61.0,93.0,7.0,44.0,50.0,50.0,92.2,1.0,7.212000000000001,2.093,32.410000000000004,20.15,56.40999999999999,0.36193982669489,30.9362698154691,0.056157884923958,2.68551671005786,1.44672042910854
61.0,94.0,6.0,44.0,50.0,50.0,93.0,1.0,6.017999999999999,2.1369999999999996,33.83,17.7,58.7,0.37037484002346,30.9362698154691,0.068868302756107,2.45316122584717,1.46184814532837
61.0,95.0,5.0,44.0,50.0,50.0,93.9,1.0,5.569000000000001,2.135,33.36,15.709999999999999,59.7,0.37880985335203,30.9362698154691,0.076115680714836,2.3598728779322,1.46116391962025
61.0,96.0,4.0,44.0,50.0,50.0,94.7,1.0,4.853,2.1620000000000004,35.56,12.85,62.080000000000005,0.3872448666806,30.9362698154691,0.089290543131175,2.20295256417382,1.47037410205702
71.0,93.0,7.0,44.0,50.0,50.0,93.1,1.0,6.313000000000001,2.1630000000000003,31.080000000000002,19.919999999999998,58.779999999999994,0.37071014404289,22.2945827376124,0.065709591507048,2.51256840702895,1.47071411225976
71.0,94.0,6.0,44.0,50.0,50.0,93.9,1.0,5.7620000000000005,2.1630000000000003,31.279999999999994,18.59,59.8,0.37914515737146,22.2945827376124,0.073631279260442,2.40041663050396,1.47071411225976
71.0,95.0,5.0,44.0,50.0,50.0,94.8,1.0,5.033,2.21,34.779999999999994,14.940000000000001,62.2,0.38758017070003,22.2945827376124,0.08617170892377,2.24343486644921,1.48660687473185
71.0,96.0,4.0,44.0,50.0,50.0,95.6,1.0,4.397,2.243,34.260000000000005,13.040000000000001,64.61,0.3960151840286,22.2945827376124,0.100782576967933,2.09690247746527,1.49766484902331
81.0,93.0,7.0,44.0,50.0,50.0,94.1,1.0,5.736,2.249,30.389999999999997,19.220000000000002,61.290000000000006,0.38064770179089,15.6468015943021,0.07425815521339,2.39499478078763,1.4996666296214
81.0,94.0,6.0,44.0,50.0,50.0,94.9,1.0,5.2219999999999995,2.2470000000000003,31.920000000000005,17.15,62.39999999999999,0.38908271511946,15.6468015943021,0.083374867525599,2.28516957795259,1.49899966644426
81.0,95.0,5.0,44.0,50.0,50.0,95.8,1.0,4.578999999999999,2.285,30.72,15.139999999999997,64.85,0.39751772844803,15.6468015943021,0.097143991730366,2.13985980849214,1.5116216457831
81.0,96.0,4.0,44.0,50.0,50.0,96.6,1.0,4.05,2.3259999999999996,35.07,11.940000000000001,67.39,0.4059527417766,15.6468015943021,0.112163239024201,2.01246117974981,1.52512294586371
91.0,93.0,7.0,44.0,50.0,50.0,95.2,1.0,5.145000000000001,2.343,29.259999999999998,19.5,64.10000000000001,0.39175249993889,10.5328702830664,0.085203313397788,2.26825924444275,1.53068612066615
91.0,94.0,6.0,44.0,50.0,50.0,96.0,1.0,4.495,2.3739999999999997,31.110000000000003,15.919999999999998,66.60000000000001,0.40018751326746,10.5328702830664,0.09962398828616,2.12014150471142,1.54077902374091
91.0,95.0,5.0,44.0,50.0,50.0,96.9,1.0,4.186999999999999,2.399,34.29,14.079999999999998,67.79999999999998,0.40862252659603,10.5328702830664,0.10920673686672,2.04621601987669,1.54887055624413
91.0,96.0,4.0,44.0,50.0,50.0,97.7,1.0,3.7070000000000007,2.435,32.53,12.210000000000003,70.39999999999999,0.4170575399246,10.5328702830664,0.125893549278562,1.92535710973315,1.56044865343272
1.0,93.0,7.0,41.0,50.0,50.0,94.5,1.0,7.874,2.037,33.38,20.63,54.39999999999999,0.35531794287158,174.20989644446,0.050495399806109,2.8060648602625,1.42723508925475
1.0,94.0,6.0,41.0,50.0,50.0,95.4,1.0,6.689,2.0760000000000005,32.5,18.580000000000002,56.64000000000001,0.36375295620015,174.20989644446,0.060852079232765,2.58631011288283,1.44083309234623
1.0,95.0,5.0,41.0,50.0,50.0,96.2,1.0,5.682,2.1069999999999998,35.5,15.63,58.92999999999999,0.37218796952872,174.20989644446,0.073297841939922,2.38369461131245,1.45155089473294
1.0,96.0,4.0,41.0,50.0,50.0,97.1,1.0,4.983999999999999,2.1460000000000004,36.03,12.440000000000001,61.3,0.38062298285729,174.20989644446,0.085456885597373,2.23248740198013,1.4649232061784
11.0,93.0,7.0,41.0,50.0,50.0,94.5,1.0,7.9430000000000005,2.041,33.12,20.77,54.39999999999999,0.35492518297358,132.510528403874,0.050001420086546,2.81833284052824,1.42863571283935
11.0,94.0,6.0,41.0,50.0,50.0,95.3,1.0,6.766999999999999,2.0740000000000003,33.08,18.81,56.60000000000001,0.36336019630215,132.510528403874,0.060085718880169,2.60134580553989,1.44013888219158
11.0,95.0,5.0,41.0,50.0,50.0,96.2,1.0,5.745,2.1119999999999997,35.019999999999996,15.6,58.89999999999999,0.37179520963072,132.510528403874,0.072417552580814,2.39687296284138,1.4532721699668
11.0,96.0,4.0,41.0,50.0,50.0,97.0,1.0,4.949,2.1409999999999996,36.88,13.039999999999997,61.25,0.38023022295929,132.510528403874,0.085972442815002,2.2246348014899,1.46321563687653
21.0,93.0,7.0,41.0,50.0,50.0,94.6,1.0,7.9510000000000005,2.0420000000000003,32.92,20.6,54.5,0.35569966347558,100.432501272057,0.050060108593784,2.81975176212375,1.4289856542317
21.0,94.0,6.0,41.0,50.0,50.0,95.4,1.0,6.7219999999999995,2.0789999999999997,33.290000000000006,18.619999999999997,56.7,0.36413467680415,100.432501272057,0.060616885353146,2.59268200904006,1.44187378088375
21.0,95.0,5.0,41.0,50.0,50.0,96.3,1.0,5.619,2.1069999999999998,34.8,15.55,59.0,0.37256969013272,100.432501272057,0.074195672407637,2.37044299657258,1.45155089473294
21.0,96.0,4.0,41.0,50.0,50.0,97.1,1.0,4.912999999999999,2.145,38.730000000000004,12.27,61.31999999999999,0.38100470346129,100.432501272057,0.086778803821124,2.2165288177689,1.46458185158768
31.0,93.0,7.0,41.0,50.0,50.0,94.8,1.0,7.904000000000001,2.051,33.089999999999996,20.380000000000003,54.7,0.35764138437758,75.7558725119257,0.050632680809528,2.81140534252889,1.43213127889869
31.0,94.0,6.0,41.0,50.0,50.0,95.6,1.0,6.676,2.087,31.23,19.4,56.89999999999999,0.36607639770615,75.7558725119257,0.061360019327918,2.58379565755499,1.44464528518249
31.0,95.0,5.0,41.0,50.0,50.0,96.5,1.0,5.644,2.123,34.67,15.64,59.2,0.37451141103472,75.7558725119257,0.074251996624354,2.37571042006386,1.45705181788432
31.0,96.0,4.0,41.0,50.0,50.0,97.3,1.0,4.852,2.154,38.519999999999996,12.56,61.60000000000001,0.38294642436329,75.7558725119257,0.088317611059877,2.20272558436134,1.46765118471659
41.0,93.0,7.0,41.0,50.0,50.0,95.1,1.0,7.2010000000000005,2.0989999999999998,32.75,20.370000000000005,56.3,0.36075034567958,56.7729093620084,0.056058830275719,2.68346790552822,1.44879260075416
41.0,94.0,6.0,41.0,50.0,50.0,95.9,1.0,6.481999999999999,2.096,32.81,18.779999999999998,57.3,0.36918535900815,56.7729093620084,0.063733171356082,2.5459772190654,1.44775688566831
41.0,95.0,5.0,41.0,50.0,50.0,96.8,1.0,5.574,2.1329999999999996,35.760000000000005,15.209999999999999,59.60000000000001,0.37762037233672,56.7729093620084,0.075808610808179,2.36093201935168,1.46047937335657
41.0,96.0,4.0,41.0,50.0,50.0,97.6,1.0,4.7890000000000015,2.162,34.769999999999996,13.329999999999998,61.989999999999995,0.38605538566529,56.7729093620084,0.090205883599804,2.18837839506791,1.47037410205702
51.0,93.0,7.0,41.0,50.0,50.0,95.5,1.0,6.931,2.109000000000001,32.449999999999996,20.270000000000003,56.81,0.36502654738158,42.1699061133102,0.058933012050208,2.63267924366034,1.45223964964464
51.0,94.0,6.0,41.0,50.0,50.0,96.3,1.0,6.002,2.153,32.62,17.229999999999997,59.10000000000001,0.37346156071015,42.1699061133102,0.06962737194846,2.44989795705862,1.46731046476197
51.0,95.0,5.0,41.0,50.0,50.0,97.2,1.0,5.192,2.1849999999999996,31.72,15.6,61.48,0.38189657403872,42.1699061133102,0.082307832501797,2.27859605898018,1.47817454990945
51.0,96.0,4.0,41.0,50.0,50.0,98.0,1.0,4.5120000000000005,2.226,37.75000000000001,12.290000000000001,63.89999999999999,0.39033158736729,42.1699061133102,0.096804309898936,2.12414688757628,1.49197855212466
61.0,93.0,7.0,41.0,50.0,50.0,96.0,1.0,6.333,2.166,32.980000000000004,19.270000000000003,58.71,0.37046998948358,30.9362698154691,0.06545964285996,2.5165452509343,1.47173367155882
61.0,94.0,6.0,41.0,50.0,50.0,96.9,1.0,5.804,2.176,33.3,17.110000000000003,59.8,0.37890500281215,30.9362698154691,0.073052153367815,2.40914922742449,1.47512711316686
61.0,95.0,5.0,41.0,50.0,50.0,97.7,1.0,5.01,2.216,35.239999999999995,14.790000000000001,62.19000000000001,0.38734001614072,30.9362698154691,0.086513668275742,2.23830292855994,1.48862352527427
61.0,96.0,4.0,41.0,50.0,50.0,98.6,1.0,4.425000000000001,2.2489999999999997,34.14,12.72,64.60000000000001,0.39577502946929,30.9362698154691,0.100084126096302,2.10356839679626,1.4996666296214
71.0,93.0,7.0,41.0,50.0,50.0,96.7,1.0,6.137,2.194,31.3,19.380000000000003,59.60000000000001,0.37708067198558,22.2945827376124,0.068755625216207,2.47729691397701,1.48121571690284
71.0,94.0,6.0,41.0,50.0,50.0,97.6,1.0,5.302,2.2350000000000003,32.98,17.54,61.989999999999995,0.38551568531415,22.2945827376124,0.081364023362228,2.30260721791625,1.49499163877261
71.0,95.0,5.0,41.0,50.0,50.0,98.4,1.0,4.593999999999999,2.274,33.230000000000004,15.169999999999998,64.39999999999999,0.39395069864272,22.2945827376124,0.095957952063823,2.14336184532617,1.50797877969154
71.0,96.0,4.0,41.0,50.0,50.0,99.2,1.0,4.117,2.312,35.029999999999994,12.34,66.89999999999999,0.40238571197129,22.2945827376124,0.109368377871235,2.02903918148467,1.52052622469986
81.0,93.0,7.0,41.0,50.0,50.0,97.5,1.0,5.571,2.266,30.139999999999997,19.18,61.89999999999999,0.38485859488758,15.6468015943021,0.077303314966649,2.36029659153251,1.5053238854147
81.0,94.0,6.0,41.0,50.0,50.0,98.3,1.0,4.832000000000001,2.311,30.01,17.45,64.29999999999998,0.39329360821615,15.6468015943021,0.09107937657158,2.19818106624545,1.5201973556088
81.0,95.0,5.0,41.0,50.0,50.0,99.2,1.0,4.263,2.3449999999999998,33.84,14.129999999999999,66.79999999999998,0.40172862154472,15.6468015943021,0.10545022930062,2.06470336852537,1.53133928311136
81.0,96.0,4.0,41.0,50.0,50.0,100.0,1.0,3.8190000000000004,2.414,36.209999999999994,11.53,69.39999999999999,0.41016363487329,15.6468015943021,0.120181489244098,1.95422618956967,1.55370524875216
91.0,93.0,7.0,41.0,50.0,50.0,98.4,1.0,5.089,2.351,30.569999999999993,18.82,64.39999999999999,0.39380375818958,10.5328702830664,0.08659194447124,2.25588120254591,1.53329710102119
91.0,94.0,6.0,41.0,50.0,50.0,99.2,1.0,4.459,2.386,32.06999999999999,15.91,66.89999999999999,0.40223877151815,10.5328702830664,0.100943078118145,2.11163443805977,1.54466824917197
91.0,95.0,5.0,41.0,50.0,50.0,100.0,1.0,3.973,2.448,31.570000000000004,13.830000000000002,69.47999999999999,0.41067378484672,10.5328702830664,0.115666741818142,1.99323857076869,1.56460857724864
91.0,96.0,4.0,41.0,50.0,50.0,101.0,1.0,3.71,2.45,34.86,11.237999999999998,70.73,0.41910879817529,10.5328702830664,0.126410443438854,1.92613602842582,1.56524758424985
